,GAMECODE,GAME_DATE_EST,GAME_ID,GAME_SEQUENCE,GAME_STATUS_ID,GAME_STATUS_TEXT,HOME_TEAM_ID,HOME_TEAM_LOSSES,HOME_TEAM_WINS,LARGEST_LEAD,LEAD_CHANGES,LEAGUE_ID,LIVE_PC_TIME,LIVE_PERIOD,LIVE_PERIOD_TIME_BCAST,NATL_TV_BROADCASTER_ABBREVIATION,PTS_2ND_CHANCE,PTS_FB,PTS_PAINT,SEASON,SERIES_LEADER,TEAM_ABBREVIATION,TEAM_CITY,TEAM_ID,TIMES_TIED,VISITOR_TEAM_ID,WH_STATUS
0,20160228/MINDAL,2016-02-28T00:00:00,0021500882,6.0,3.0,Final,1610612742.0,,,,,,     ,4.0,Q4       - NBA TV,NBA TV,,,,2015,,,,,,1610612750.0,1.0
0,,,,,,,,,,0.0,0.0,00,,,,,23.0,25.0,42.0,,,MIN,Minnesota,1610612750.0,0.0,,
1,,,,,,,,,,31.0,0.0,00,,,,,10.0,27.0,56.0,,,DAL,Dallas,1610612742.0,0.0,,
0,,2016-02-28T00:00:00,0021500882,,,,1610612742.0,0.0,4.0,,,,,,,,,,,,Dallas,,,,,1610612750.0,
