,GAMECODE,GAME_DATE_EST,GAME_ID,GAME_SEQUENCE,GAME_STATUS_ID,GAME_STATUS_TEXT,HOME_TEAM_ID,HOME_TEAM_LOSSES,HOME_TEAM_WINS,LARGEST_LEAD,LEAD_CHANGES,LEAGUE_ID,LIVE_PC_TIME,LIVE_PERIOD,LIVE_PERIOD_TIME_BCAST,NATL_TV_BROADCASTER_ABBREVIATION,PTS_2ND_CHANCE,PTS_FB,PTS_PAINT,SEASON,SERIES_LEADER,TEAM_ABBREVIATION,TEAM_CITY,TEAM_ID,TIMES_TIED,VISITOR_TEAM_ID,WH_STATUS
0,20160301/CHIMIA,2016-03-01T00:00:00,0021500892,2.0,3.0,Final,1610612748.0,,,,,,     ,4.0,Q4       - NBA TV,NBA TV,,,,2015,,,,,,1610612741.0,1.0
0,,,,,,,,,,2.0,5.0,00,,,,,13.0,11.0,48.0,,,CHI,Chicago,1610612741.0,7.0,,
1,,,,,,,,,,22.0,5.0,00,,,,,8.0,17.0,74.0,,,MIA,Miami,1610612748.0,7.0,,
0,,2016-03-01T00:00:00,0021500892,,,,1610612748.0,0.0,4.0,,,,,,,,,,,,Miami,,,,,1610612741.0,
