,GAMECODE,GAME_DATE_EST,GAME_ID,GAME_SEQUENCE,GAME_STATUS_ID,GAME_STATUS_TEXT,HOME_TEAM_ID,HOME_TEAM_LOSSES,HOME_TEAM_WINS,LARGEST_LEAD,LEAD_CHANGES,LEAGUE_ID,LIVE_PC_TIME,LIVE_PERIOD,LIVE_PERIOD_TIME_BCAST,NATL_TV_BROADCASTER_ABBREVIATION,PTS_2ND_CHANCE,PTS_FB,PTS_PAINT,SEASON,SERIES_LEADER,TEAM_ABBREVIATION,TEAM_CITY,TEAM_ID,TIMES_TIED,VISITOR_TEAM_ID,WH_STATUS
0,20160109/CHIATL,2016-01-09T00:00:00,0021500551,2.0,3.0,Final,1610612737.0,,,,,,     ,4.0,Q4       - ,,,,,2015,,,,,,1610612741.0,1.0
0,,,,,,,,,,19.0,0.0,00,,,,,10.0,15.0,66.0,,,ATL,Atlanta,1610612737.0,0.0,,
1,,,,,,,,,,0.0,0.0,00,,,,,15.0,16.0,40.0,,,CHI,Chicago,1610612741.0,0.0,,
0,,2016-01-09T00:00:00,0021500551,,,,1610612737.0,0.0,4.0,,,,,,,,,,,,Atlanta,,,,,1610612741.0,
