,AST,BLK,BLKA,DREB,FG3A,FG3M,FG3_PCT,FGA,FGM,FG_PCT,FTA,FTM,FT_PCT,GP,GROUP_ID,GROUP_NAME,GROUP_SET,GROUP_VALUE,L,MIN,OREB,PF,PFD,PLUS_MINUS,PTS,REB,STL,TEAM_ABBREVIATION,TEAM_ID,TEAM_NAME,TOV,W,W_PCT
0,117.53004,115.50366,-115.50366,550.16217,-4.05276,11.14509,0.006,-111.4509,224.92818,0.038,118.54323,143.87298,0.026,82,,,Overall,2015-16,27,3966.0,149.95212,38.50122,-38.50122,604.87443,604.87443,700.11429,-117.53004,OKC,1610612760.0,Oklahoma City Thunder,240.12603,55,0.671
0,120.56961,61.80459,-61.80459,183.38739,-67.88373,-28.36932,-0.014,-54.71226,122.59599,0.098,105.37176,79.02882,-0.01,59,203500 - 201142 - 201586 - 203460 - 201566,"Adams,Steven - Durant,Kevin - Ibaka,Serge - Roberson,Andre - Westbrook,Russell",Lineups,,16,815.54,26.34294,-53.69907,53.69907,295.85148,295.85148,209.73033,-20.2638,,,,31.40889,43,0.729
1,42.55398,30.3957,-30.3957,56.73864,-19.25061,13.17147,0.118,-22.29018,35.46165,0.068,23.30337,29.38251,0.061,49,203500 - 201142 - 201586 - 203079 - 201566,"Adams,Steven - Durant,Kevin - Ibaka,Serge - Waiters,Dion - Westbrook,Russell",Lineups,,12,360.173333333,-6.07914,-4.05276,4.05276,113.47728,113.47728,50.6595,0.0,,,,17.22423,37,0.755
2,1.01319,-5.06595,5.06595,21.27699,3.03957,0.0,-0.024,20.2638,12.15828,0.009,21.27699,28.36932,0.124,38,201142 - 201586 - 202683 - 203079 - 201566,"Durant,Kevin - Ibaka,Serge - Kanter,Enes - Waiters,Dion - Westbrook,Russell",Lineups,,11,129.113333333,20.2638,-13.17147,13.17147,52.68588,52.68588,41.54079,-1.01319,,,,3.03957,27,0.711
3,-9.11871,3.03957,-3.03957,2.02638,-11.14509,-3.03957,0.012,-23.30337,-14.18466,-0.024,-11.14509,-6.07914,0.06,13,201142 - 200751 - 202683 - 202713 - 203079,"Durant,Kevin - Foye,Randy - Kanter,Enes - Singler,Kyle - Waiters,Dion",Lineups,,6,82.21,-8.10552,7.09233,-7.09233,-37.48803,-37.48803,-6.07914,-13.17147,,,,21.27699,7,0.538
4,-10.1319,-4.05276,4.05276,8.10552,-8.10552,-2.02638,0.05,-14.18466,-12.15828,-0.042,-14.18466,-4.05276,0.288,15,201571 - 2555 - 202683 - 201627 - 203079,"Augustin,D.J. - Collison,Nick - Kanter,Enes - Morrow,Anthony - Waiters,Dion",Lineups,,5,76.455,-1.01319,0.0,0.0,-30.3957,-30.3957,7.09233,-10.1319,,,,18.23742,10,0.667
5,-1.01319,1.01319,-1.01319,12.15828,-8.10552,-1.01319,0.043,-12.15828,0.0,0.039,8.10552,11.14509,0.145,26,201142 - 201586 - 202683 - 203460 - 201566,"Durant,Kevin - Ibaka,Serge - Kanter,Enes - Roberson,Andre - Westbrook,Russell",Lineups,,7,76.3416666667,-6.07914,-3.03957,3.03957,10.1319,10.1319,6.07914,1.01319,,,,2.02638,19,0.731
6,6.07914,5.06595,-5.06595,-1.01319,16.21104,11.14509,0.194,-1.01319,1.01319,0.012,17.22423,15.19785,0.133,7,203500 - 201586 - 201627 - 203460 - 201566,"Adams,Steven - Ibaka,Serge - Morrow,Anthony - Roberson,Andre - Westbrook,Russell",Lineups,,5,60.1,0.0,-9.11871,9.11871,28.36932,28.36932,-1.01319,5.06595,,,,-7.09233,2,0.286
7,-5.06595,-1.01319,1.01319,-14.18466,10.1319,-3.03957,-0.329,13.17147,-6.07914,-0.12,6.07914,5.06595,0.019,17,203500 - 201586 - 203460 - 203079 - 201566,"Adams,Steven - Ibaka,Serge - Roberson,Andre - Waiters,Dion - Westbrook,Russell",Lineups,,7,54.9133333333,10.1319,1.01319,-1.01319,-10.1319,-10.1319,-4.05276,-2.02638,,,,-1.01319,10,0.588
8,-7.09233,-4.05276,4.05276,2.02638,-11.14509,-4.05276,0.005,1.01319,-4.05276,-0.051,9.11871,10.1319,0.192,6,201571 - 2555 - 202683 - 202713 - 203079,"Augustin,D.J. - Collison,Nick - Kanter,Enes - Singler,Kyle - Waiters,Dion",Lineups,,3,51.9416666667,9.11871,-5.06595,5.06595,-2.02638,-2.02638,11.14509,-4.05276,,,,0.0,3,0.5
9,4.05276,4.05276,-4.05276,8.10552,-1.01319,-2.02638,-0.049,-9.11871,0.0,0.05,-6.07914,-6.07914,-0.053,18,203500 - 201142 - 201586 - 201627 - 201566,"Adams,Steven - Durant,Kevin - Ibaka,Serge - Morrow,Anthony - Westbrook,Russell",Lineups,,5,50.8,-1.01319,-1.01319,1.01319,-8.10552,-8.10552,7.09233,-8.10552,,,,8.10552,13,0.722
10,-7.09233,0.0,0.0,-8.10552,-5.06595,-1.01319,0.06,0.0,-8.10552,-0.093,4.05276,3.03957,-0.016,13,2555 - 202683 - 201627 - 1626166 - 203079,"Collison,Nick - Kanter,Enes - Morrow,Anthony - Payne,Cameron - Waiters,Dion",Lineups,,4,50.0,4.05276,-2.02638,2.02638,-14.18466,-14.18466,-4.05276,5.06595,,,,-4.05276,9,0.692
11,-3.03957,6.07914,-6.07914,-3.03957,3.03957,-4.05276,-0.225,-12.15828,-12.15828,-0.075,-9.11871,-3.03957,0.095,25,201142 - 201586 - 203460 - 203079 - 201566,"Durant,Kevin - Ibaka,Serge - Roberson,Andre - Waiters,Dion - Westbrook,Russell",Lineups,,10,46.48,-1.01319,7.09233,-7.09233,-31.40889,-31.40889,-4.05276,5.06595,,,,-2.02638,15,0.6
12,4.05276,-1.01319,1.01319,3.03957,9.11871,5.06595,0.074,4.05276,4.05276,0.027,5.06595,7.09233,0.171,7,201142 - 200751 - 202683 - 1626166 - 203079,"Durant,Kevin - Foye,Randy - Kanter,Enes - Payne,Cameron - Waiters,Dion",Lineups,,1,44.92,1.01319,-5.06595,5.06595,20.2638,20.2638,4.05276,0.0,,,,-5.06595,6,0.857
13,4.05276,-1.01319,1.01319,18.23742,-1.01319,2.02638,0.087,-5.06595,1.01319,0.036,-2.02638,4.05276,0.194,16,201571 - 2555 - 201142 - 202683 - 203079,"Augustin,D.J. - Collison,Nick - Durant,Kevin - Kanter,Enes - Waiters,Dion",Lineups,,6,43.8066666667,2.02638,5.06595,-5.06595,8.10552,8.10552,20.2638,-6.07914,,,,5.06595,10,0.625
14,9.11871,7.09233,-7.09233,2.02638,6.07914,5.06595,0.125,2.02638,12.15828,0.157,21.27699,22.29018,0.085,19,201142 - 201586 - 201627 - 203079 - 201566,"Durant,Kevin - Ibaka,Serge - Morrow,Anthony - Waiters,Dion - Westbrook,Russell",Lineups,,4,38.545,-8.10552,-10.1319,10.1319,51.67269,51.67269,-6.07914,2.02638,,,,-7.09233,15,0.789
15,-4.05276,-3.03957,3.03957,6.07914,-3.03957,-7.09233,-0.349,9.11871,-2.02638,-0.093,13.17147,13.17147,0.103,16,201586 - 202683 - 202713 - 203079 - 201566,"Ibaka,Serge - Kanter,Enes - Singler,Kyle - Waiters,Dion - Westbrook,Russell",Lineups,,6,36.3116666667,9.11871,-2.02638,2.02638,2.02638,2.02638,15.19785,-2.02638,,,,-3.03957,10,0.625
16,-5.06595,4.05276,-4.05276,3.03957,-4.05276,-4.05276,-0.188,-13.17147,-8.10552,-0.028,-5.06595,-3.03957,0.093,15,201586 - 202683 - 203460 - 203079 - 201566,"Ibaka,Serge - Kanter,Enes - Roberson,Andre - Waiters,Dion - Westbrook,Russell",Lineups,,3,36.05,-2.02638,4.05276,-4.05276,-23.30337,-23.30337,1.01319,-4.05276,,,,10.1319,12,0.8
17,-4.05276,-2.02638,2.02638,4.05276,-9.11871,-7.09233,-0.19,0.0,-2.02638,-0.031,5.06595,3.03957,-0.083,13,203500 - 201142 - 200751 - 201586 - 201566,"Adams,Steven - Durant,Kevin - Foye,Randy - Ibaka,Serge - Westbrook,Russell",Lineups,,6,35.47,6.07914,-4.05276,4.05276,-8.10552,-8.10552,10.1319,-5.06595,,,,5.06595,7,0.538
18,-7.09233,0.0,0.0,1.01319,2.02638,-3.03957,-0.138,-12.15828,-11.14509,-0.1,1.01319,4.05276,0.14,10,201142 - 201586 - 202713 - 203079 - 201566,"Durant,Kevin - Ibaka,Serge - Singler,Kyle - Waiters,Dion - Westbrook,Russell",Lineups,,2,33.005,-2.02638,5.06595,-5.06595,-21.27699,-21.27699,-1.01319,-8.10552,,,,9.11871,8,0.8
19,5.06595,5.06595,-5.06595,-1.01319,6.07914,1.01319,-0.036,10.1319,2.02638,-0.04,15.19785,6.07914,-0.148,16,203500 - 201586 - 202713 - 203079 - 201566,"Adams,Steven - Ibaka,Serge - Singler,Kyle - Waiters,Dion - Westbrook,Russell",Lineups,,8,29.0166666667,11.14509,-13.17147,13.17147,11.14509,11.14509,10.1319,3.03957,,,,-5.06595,8,0.5
20,4.05276,-2.02638,2.02638,1.01319,5.06595,-1.01319,-0.267,7.09233,3.03957,-0.016,1.01319,-1.01319,-0.144,18,201586 - 202683 - 201627 - 203079 - 201566,"Ibaka,Serge - Kanter,Enes - Morrow,Anthony - Waiters,Dion - Westbrook,Russell",Lineups,,7,27.6633333333,0.0,-3.03957,3.03957,4.05276,4.05276,1.01319,0.0,,,,-1.01319,11,0.611
21,4.05276,3.03957,-3.03957,5.06595,4.05276,0.0,-0.057,0.0,-1.01319,-0.023,4.05276,3.03957,0.013,8,2555 - 202683 - 201627 - 1626166 - 202713,"Collison,Nick - Kanter,Enes - Morrow,Anthony - Payne,Cameron - Singler,Kyle",Lineups,,2,27.4183333333,6.07914,6.07914,-6.07914,1.01319,1.01319,11.14509,-2.02638,,,,4.05276,6,0.75
22,-2.02638,-5.06595,5.06595,6.07914,-1.01319,0.0,0.048,4.05276,5.06595,0.063,-10.1319,-5.06595,0.152,12,2555 - 201142 - 202683 - 203079 - 201566,"Collison,Nick - Durant,Kevin - Kanter,Enes - Waiters,Dion - Westbrook,Russell",Lineups,,4,27.0083333333,3.03957,7.09233,-7.09233,5.06595,5.06595,9.11871,-2.02638,,,,2.02638,8,0.667
23,-2.02638,-2.02638,2.02638,8.10552,-2.02638,1.01319,0.131,-3.03957,-1.01319,0.009,8.10552,5.06595,-0.05,15,201142 - 202683 - 202713 - 203079 - 201566,"Durant,Kevin - Kanter,Enes - Singler,Kyle - Waiters,Dion - Westbrook,Russell",Lineups,,4,26.295,2.02638,-1.01319,1.01319,4.05276,4.05276,10.1319,-3.03957,,,,3.03957,11,0.733
24,9.11871,-1.01319,1.01319,9.11871,6.07914,6.07914,0.311,3.03957,10.1319,0.193,1.01319,-1.01319,-0.119,10,201142 - 201586 - 202683 - 201627 - 201566,"Durant,Kevin - Ibaka,Serge - Kanter,Enes - Morrow,Anthony - Westbrook,Russell",Lineups,,1,24.4733333333,-1.01319,2.02638,-2.02638,25.32975,25.32975,8.10552,2.02638,,,,-1.01319,9,0.9
25,-1.01319,1.01319,-1.01319,3.03957,2.02638,-3.03957,-0.357,-5.06595,1.01319,0.086,-5.06595,-5.06595,-0.064,7,203500 - 201586 - 201627 - 203079 - 201566,"Adams,Steven - Ibaka,Serge - Morrow,Anthony - Waiters,Dion - Westbrook,Russell",Lineups,,6,23.9233333333,-1.01319,5.06595,-5.06595,-6.07914,-6.07914,2.02638,-2.02638,,,,3.03957,1,0.143
26,4.05276,1.01319,-1.01319,3.03957,2.02638,2.02638,0.098,-7.09233,-3.03957,0.013,7.09233,9.11871,0.208,9,201142 - 202683 - 1626166 - 202713 - 203079,"Durant,Kevin - Kanter,Enes - Payne,Cameron - Singler,Kyle - Waiters,Dion",Lineups,,0,21.9566666667,0.0,1.01319,-1.01319,5.06595,5.06595,3.03957,0.0,,,,4.05276,9,1.0
27,-1.01319,1.01319,-1.01319,6.07914,-5.06595,-3.03957,-0.197,1.01319,4.05276,0.088,-2.02638,-1.01319,0.083,4,2555 - 201142 - 201586 - 203460 - 201566,"Collison,Nick - Durant,Kevin - Ibaka,Serge - Roberson,Andre - Westbrook,Russell",Lineups,,1,21.2333333333,1.01319,3.03957,-3.03957,4.05276,4.05276,7.09233,-2.02638,,,,1.01319,3,0.75
28,1.01319,1.01319,-1.01319,9.11871,-2.02638,2.02638,0.303,3.03957,7.09233,0.145,-10.1319,-6.07914,0.107,7,203500 - 2555 - 201142 - 203460 - 201566,"Adams,Steven - Collison,Nick - Durant,Kevin - Roberson,Andre - Westbrook,Russell",Lineups,,1,20.8783333333,4.05276,2.02638,-2.02638,10.1319,10.1319,13.17147,-2.02638,,,,6.07914,6,0.857
29,5.06595,1.01319,-1.01319,4.05276,3.03957,0.0,-0.167,3.03957,5.06595,0.092,-6.07914,-4.05276,0.083,8,2555 - 201142 - 202683 - 1626166 - 203079,"Collison,Nick - Durant,Kevin - Kanter,Enes - Payne,Cameron - Waiters,Dion",Lineups,,0,20.645,4.05276,3.03957,-3.03957,6.07914,6.07914,8.10552,-1.01319,,,,5.06595,8,1.0
30,-6.07914,-1.01319,1.01319,2.02638,-1.01319,0.0,0.025,-4.05276,-7.09233,-0.136,4.05276,3.03957,-0.033,9,203500 - 200751 - 201586 - 203079 - 201566,"Adams,Steven - Foye,Randy - Ibaka,Serge - Waiters,Dion - Westbrook,Russell",Lineups,,2,20.6166666667,1.01319,-1.01319,1.01319,-11.14509,-11.14509,3.03957,0.0,,,,0.0,7,0.778
31,-2.02638,0.0,0.0,2.02638,2.02638,3.03957,0.27,-4.05276,2.02638,0.132,0.0,1.01319,0.25,7,201571 - 201586 - 202683 - 201627 - 203079,"Augustin,D.J. - Ibaka,Serge - Kanter,Enes - Morrow,Anthony - Waiters,Dion",Lineups,,2,19.4566666667,-3.03957,2.02638,-2.02638,8.10552,8.10552,-1.01319,-1.01319,,,,0.0,5,0.714
32,-5.06595,-1.01319,1.01319,2.02638,-1.01319,-2.02638,-0.189,4.05276,2.02638,0.011,-4.05276,-5.06595,-0.145,9,201142 - 201586 - 202683 - 1626166 - 203079,"Durant,Kevin - Ibaka,Serge - Kanter,Enes - Payne,Cameron - Waiters,Dion",Lineups,,1,19.19,3.03957,-1.01319,1.01319,-3.03957,-3.03957,5.06595,-1.01319,,,,1.01319,8,0.889
33,-3.03957,0.0,0.0,5.06595,5.06595,6.07914,0.5,2.02638,0.0,-0.025,-3.03957,-2.02638,0.028,9,201586 - 202683 - 203460 - 202713 - 201566,"Ibaka,Serge - Kanter,Enes - Roberson,Andre - Singler,Kyle - Westbrook,Russell",Lineups,,4,18.9333333333,9.11871,3.03957,-3.03957,4.05276,4.05276,14.18466,-4.05276,,,,5.06595,5,0.556
34,-2.02638,2.02638,-2.02638,0.0,1.01319,-2.02638,-0.176,-2.02638,-3.03957,-0.06,7.09233,6.07914,0.071,9,203500 - 201142 - 201586 - 202713 - 201566,"Adams,Steven - Durant,Kevin - Ibaka,Serge - Singler,Kyle - Westbrook,Russell",Lineups,,3,18.8733333333,5.06595,1.01319,-1.01319,-2.02638,-2.02638,5.06595,0.0,,,,0.0,6,0.667
35,1.01319,0.0,0.0,1.01319,3.03957,-2.02638,-0.24,7.09233,2.02638,-0.04,10.1319,10.1319,0.168,5,203500 - 201142 - 201586 - 1626166 - 201566,"Adams,Steven - Durant,Kevin - Ibaka,Serge - Payne,Cameron - Westbrook,Russell",Lineups,,0,18.0233333333,5.06595,-8.10552,8.10552,12.15828,12.15828,6.07914,4.05276,,,,-6.07914,5,1.0
36,-1.01319,-2.02638,2.02638,-4.05276,-7.09233,-3.03957,-0.133,6.07914,-3.03957,-0.168,1.01319,0.0,-0.083,7,201586 - 202683 - 1626166 - 202713 - 203079,"Ibaka,Serge - Kanter,Enes - Payne,Cameron - Singler,Kyle - Waiters,Dion",Lineups,,2,17.8166666667,6.07914,-6.07914,6.07914,-9.11871,-9.11871,2.02638,3.03957,,,,-4.05276,5,0.714
37,-2.02638,0.0,0.0,3.03957,0.0,1.01319,0.111,-1.01319,0.0,0.015,-4.05276,-5.06595,-0.247,11,203500 - 201586 - 203460 - 202713 - 201566,"Adams,Steven - Ibaka,Serge - Roberson,Andre - Singler,Kyle - Westbrook,Russell",Lineups,,5,17.4333333333,-1.01319,2.02638,-2.02638,-4.05276,-4.05276,2.02638,-3.03957,,,,-2.02638,6,0.545
38,-7.09233,-2.02638,2.02638,4.05276,-4.05276,1.01319,0.3,8.10552,3.03957,-0.012,3.03957,6.07914,0.361,9,2555 - 202683 - 201627 - 203079 - 201566,"Collison,Nick - Kanter,Enes - Morrow,Anthony - Waiters,Dion - Westbrook,Russell",Lineups,,5,17.1666666667,8.10552,4.05276,-4.05276,13.17147,13.17147,12.15828,-4.05276,,,,2.02638,4,0.444
39,-4.05276,-4.05276,4.05276,-6.07914,7.09233,1.01319,-0.192,11.14509,-4.05276,-0.282,4.05276,0.0,-0.312,7,202683 - 201627 - 1626166 - 202713 - 203079,"Kanter,Enes - Morrow,Anthony - Payne,Cameron - Singler,Kyle - Waiters,Dion",Lineups,,1,17.0333333333,9.11871,0.0,0.0,-7.09233,-7.09233,3.03957,0.0,,,,0.0,6,0.857
40,-10.1319,-1.01319,1.01319,-8.10552,-2.02638,-2.02638,-0.286,4.05276,-7.09233,-0.275,7.09233,4.05276,-0.3,3,203500 - 203460 - 202713 - 203079 - 201566,"Adams,Steven - Roberson,Andre - Singler,Kyle - Waiters,Dion - Westbrook,Russell",Lineups,,1,16.8583333333,4.05276,-3.03957,3.03957,-12.15828,-12.15828,-4.05276,3.03957,,,,-1.01319,2,0.667
41,-4.05276,1.01319,-1.01319,5.06595,-1.01319,0.0,0.033,-1.01319,3.03957,0.12,2.02638,3.03957,0.117,9,203500 - 201142 - 203460 - 203079 - 201566,"Adams,Steven - Durant,Kevin - Roberson,Andre - Waiters,Dion - Westbrook,Russell",Lineups,,1,16.1383333333,0.0,0.0,0.0,9.11871,9.11871,5.06595,2.02638,,,,-3.03957,8,0.889
42,-1.01319,0.0,0.0,1.01319,-2.02638,-3.03957,-0.371,-9.11871,-5.06595,-0.029,8.10552,4.05276,-0.125,2,201571 - 202683 - 203956 - 202713 - 203079,"Augustin,D.J. - Kanter,Enes - McGary,Mitch - Singler,Kyle - Waiters,Dion",Lineups,,0,15.2833333333,-2.02638,-8.10552,8.10552,-9.11871,-9.11871,-1.01319,1.01319,,,,2.02638,2,1.0
43,-4.05276,-2.02638,2.02638,2.02638,-4.05276,0.0,0.178,-6.07914,-2.02638,0.027,4.05276,2.02638,-0.086,6,201571 - 201142 - 202683 - 202713 - 203079,"Augustin,D.J. - Durant,Kevin - Kanter,Enes - Singler,Kyle - Waiters,Dion",Lineups,,1,14.5,1.01319,2.02638,-2.02638,-2.02638,-2.02638,3.03957,-1.01319,,,,3.03957,5,0.833
44,-1.01319,1.01319,-1.01319,-4.05276,-2.02638,-4.05276,-0.323,-1.01319,0.0,0.014,-2.02638,0.0,0.333,4,201142 - 201586 - 202683 - 1626166 - 201566,"Durant,Kevin - Ibaka,Serge - Kanter,Enes - Payne,Cameron - Westbrook,Russell",Lineups,,0,14.3833333333,-4.05276,-1.01319,1.01319,-4.05276,-4.05276,-8.10552,0.0,,,,1.01319,4,1.0
45,3.03957,0.0,0.0,2.02638,-2.02638,2.02638,0.457,-4.05276,2.02638,0.171,1.01319,0.0,-0.089,9,203500 - 2555 - 201142 - 203079 - 201566,"Adams,Steven - Collison,Nick - Durant,Kevin - Waiters,Dion - Westbrook,Russell",Lineups,,1,14.2266666667,0.0,-1.01319,1.01319,6.07914,6.07914,2.02638,0.0,,,,3.03957,8,0.889
46,3.03957,2.02638,-2.02638,0.0,6.07914,-1.01319,-0.333,6.07914,1.01319,-0.048,-4.05276,-4.05276,-0.2,1,203500 - 202683 - 1626166 - 203460 - 203079,"Adams,Steven - Kanter,Enes - Payne,Cameron - Roberson,Andre - Waiters,Dion",Lineups,,1,13.7116666667,3.03957,-1.01319,1.01319,-3.03957,-3.03957,3.03957,0.0,,,,0.0,0,0.0
47,-1.01319,0.0,0.0,5.06595,4.05276,-1.01319,-0.375,0.0,1.01319,0.048,7.09233,6.07914,0.013,6,201571 - 201142 - 201586 - 202683 - 203079,"Augustin,D.J. - Durant,Kevin - Ibaka,Serge - Kanter,Enes - Waiters,Dion",Lineups,,2,13.6683333333,2.02638,-5.06595,5.06595,7.09233,7.09233,7.09233,-1.01319,,,,1.01319,4,0.667
48,-4.05276,1.01319,-1.01319,-5.06595,4.05276,-1.01319,-0.289,0.0,-5.06595,-0.217,-5.06595,-4.05276,0.143,7,203500 - 201142 - 202713 - 203079 - 201566,"Adams,Steven - Durant,Kevin - Singler,Kyle - Waiters,Dion - Westbrook,Russell",Lineups,,1,13.6066666667,0.0,4.05276,-4.05276,-15.19785,-15.19785,-5.06595,1.01319,,,,0.0,6,0.857
49,4.05276,-1.01319,1.01319,0.0,2.02638,3.03957,0.273,4.05276,4.05276,0.099,0.0,0.0,0.0,2,201142 - 200751 - 202683 - 201627 - 202713,"Durant,Kevin - Foye,Randy - Kanter,Enes - Morrow,Anthony - Singler,Kyle",Lineups,,1,13.3033333333,1.01319,-1.01319,1.01319,11.14509,11.14509,1.01319,0.0,,,,-1.01319,1,0.5
50,4.05276,2.02638,-2.02638,8.10552,5.06595,3.03957,0.131,1.01319,4.05276,0.154,8.10552,5.06595,-0.124,6,203500 - 201142 - 200751 - 203079 - 201566,"Adams,Steven - Durant,Kevin - Foye,Randy - Waiters,Dion - Westbrook,Russell",Lineups,,2,13.2333333333,3.03957,-4.05276,4.05276,16.21104,16.21104,11.14509,0.0,,,,1.01319,4,0.667
51,3.03957,0.0,0.0,5.06595,1.01319,4.05276,0.571,3.03957,5.06595,0.167,-1.01319,1.01319,0.154,2,201142 - 200751 - 202683 - 1626166 - 202713,"Durant,Kevin - Foye,Randy - Kanter,Enes - Payne,Cameron - Singler,Kyle",Lineups,,0,13.1,-1.01319,0.0,0.0,15.19785,15.19785,4.05276,0.0,,,,0.0,2,1.0
52,1.01319,0.0,0.0,5.06595,1.01319,3.03957,0.405,6.07914,4.05276,0.039,-1.01319,-2.02638,-0.5,6,201142 - 200751 - 202683 - 203079 - 201566,"Durant,Kevin - Foye,Randy - Kanter,Enes - Waiters,Dion - Westbrook,Russell",Lineups,,3,12.9166666667,2.02638,2.02638,-2.02638,9.11871,9.11871,7.09233,-1.01319,,,,-1.01319,3,0.5
53,6.07914,3.03957,-3.03957,6.07914,5.06595,2.02638,0.25,2.02638,6.07914,0.212,5.06595,3.03957,-0.286,3,203500 - 201586 - 201627 - 202713 - 201566,"Adams,Steven - Ibaka,Serge - Morrow,Anthony - Singler,Kyle - Westbrook,Russell",Lineups,,2,12.8666666667,-1.01319,3.03957,-3.03957,17.22423,17.22423,5.06595,1.01319,,,,-2.02638,1,0.333
54,3.03957,1.01319,-1.01319,2.02638,4.05276,-1.01319,-0.25,1.01319,3.03957,0.109,-2.02638,-2.02638,-0.017,7,201142 - 202683 - 201627 - 203079 - 201566,"Durant,Kevin - Kanter,Enes - Morrow,Anthony - Waiters,Dion - Westbrook,Russell",Lineups,,2,12.74,0.0,2.02638,-2.02638,3.03957,3.03957,2.02638,-1.01319,,,,1.01319,5,0.714
55,0.0,1.01319,-1.01319,-1.01319,1.01319,1.01319,0.167,-1.01319,-1.01319,-0.037,5.06595,2.02638,-0.124,3,203500 - 201571 - 201586 - 203079 - 201566,"Adams,Steven - Augustin,D.J. - Ibaka,Serge - Waiters,Dion - Westbrook,Russell",Lineups,,2,12.3683333333,1.01319,-1.01319,1.01319,1.01319,1.01319,0.0,3.03957,,,,-3.03957,1,0.333
56,5.06595,3.03957,-3.03957,3.03957,4.05276,1.01319,-0.125,-3.03957,3.03957,0.208,4.05276,1.01319,-0.25,4,203500 - 201586 - 1626166 - 202713 - 203079,"Adams,Steven - Ibaka,Serge - Payne,Cameron - Singler,Kyle - Waiters,Dion",Lineups,,1,12.1833333333,-2.02638,2.02638,-2.02638,8.10552,8.10552,1.01319,2.02638,,,,0.0,3,0.75
57,3.03957,2.02638,-2.02638,-4.05276,4.05276,0.0,-0.19,1.01319,4.05276,0.148,0.0,-2.02638,-0.333,7,200751 - 201586 - 202683 - 203079 - 201566,"Foye,Randy - Ibaka,Serge - Kanter,Enes - Waiters,Dion - Westbrook,Russell",Lineups,,0,12.05,-5.06595,-1.01319,1.01319,6.07914,6.07914,-9.11871,1.01319,,,,-1.01319,7,1.0
58,-4.05276,2.02638,-2.02638,-2.02638,-2.02638,-4.05276,-0.571,-1.01319,-3.03957,-0.124,0.0,-2.02638,-0.4,4,202683 - 203956 - 1626166 - 202713 - 203079,"Kanter,Enes - McGary,Mitch - Payne,Cameron - Singler,Kyle - Waiters,Dion",Lineups,,1,11.95,0.0,-1.01319,1.01319,-12.15828,-12.15828,-2.02638,0.0,,,,1.01319,3,0.75
59,-2.02638,-1.01319,1.01319,2.02638,3.03957,0.0,-0.111,7.09233,1.01319,-0.067,3.03957,4.05276,0.357,3,2555 - 202683 - 1626166 - 202713 - 203079,"Collison,Nick - Kanter,Enes - Payne,Cameron - Singler,Kyle - Waiters,Dion",Lineups,,0,11.8316666667,8.10552,-2.02638,2.02638,6.07914,6.07914,10.1319,-1.01319,,,,0.0,3,1.0
60,-4.05276,0.0,0.0,3.03957,1.01319,2.02638,0.194,-1.01319,1.01319,0.063,-1.01319,-1.01319,-1.0,2,202683 - 201627 - 200779 - 1626166 - 202713,"Kanter,Enes - Morrow,Anthony - Novak,Steve - Payne,Cameron - Singler,Kyle",Lineups,,0,11.7666666667,0.0,-1.01319,1.01319,3.03957,3.03957,3.03957,2.02638,,,,1.01319,2,1.0
61,4.05276,0.0,0.0,7.09233,-5.06595,-1.01319,-0.024,-2.02638,5.06595,0.263,4.05276,2.02638,-0.133,5,203500 - 201142 - 201627 - 203460 - 201566,"Adams,Steven - Durant,Kevin - Morrow,Anthony - Roberson,Andre - Westbrook,Russell",Lineups,,1,11.7316666667,-2.02638,-4.05276,4.05276,11.14509,11.14509,5.06595,-1.01319,,,,2.02638,4,0.8
62,3.03957,-1.01319,1.01319,0.0,4.05276,1.01319,-0.156,0.0,4.05276,0.167,-2.02638,-3.03957,-0.25,5,201142 - 200751 - 201586 - 203079 - 201566,"Durant,Kevin - Foye,Randy - Ibaka,Serge - Waiters,Dion - Westbrook,Russell",Lineups,,3,11.6333333333,-1.01319,5.06595,-5.06595,6.07914,6.07914,-1.01319,0.0,,,,0.0,2,0.4
63,0.0,-3.03957,3.03957,0.0,-5.06595,0.0,0.139,3.03957,2.02638,0.048,-1.01319,-1.01319,-0.05,4,201571 - 201586 - 202683 - 201627 - 202713,"Augustin,D.J. - Ibaka,Serge - Kanter,Enes - Morrow,Anthony - Singler,Kyle",Lineups,,0,11.6183333333,2.02638,0.0,0.0,3.03957,3.03957,2.02638,0.0,,,,1.01319,4,1.0
64,3.03957,0.0,0.0,1.01319,5.06595,2.02638,-0.071,3.03957,0.0,-0.078,-5.06595,-5.06595,-0.1,4,201571 - 202683 - 201627 - 202713 - 203079,"Augustin,D.J. - Kanter,Enes - Morrow,Anthony - Singler,Kyle - Waiters,Dion",Lineups,,0,11.5333333333,4.05276,5.06595,-5.06595,-3.03957,-3.03957,5.06595,0.0,,,,4.05276,4,1.0
65,-1.01319,-3.03957,3.03957,2.02638,-3.03957,0.0,0.167,-3.03957,-1.01319,0.012,-6.07914,-7.09233,-0.5,6,2555 - 200751 - 202683 - 201627 - 1626166,"Collison,Nick - Foye,Randy - Kanter,Enes - Morrow,Anthony - Payne,Cameron",Lineups,,3,11.4666666667,0.0,4.05276,-4.05276,-9.11871,-9.11871,2.02638,0.0,,,,6.07914,3,0.5
66,-2.02638,1.01319,-1.01319,0.0,2.02638,-2.02638,-0.375,-1.01319,-3.03957,-0.144,-4.05276,-2.02638,0.333,4,201142 - 200751 - 202683 - 203460 - 201566,"Durant,Kevin - Foye,Randy - Kanter,Enes - Roberson,Andre - Westbrook,Russell",Lineups,,0,11.2166666667,0.0,2.02638,-2.02638,-10.1319,-10.1319,0.0,-1.01319,,,,0.0,4,1.0
67,8.10552,2.02638,-2.02638,7.09233,1.01319,1.01319,0.15,-1.01319,8.10552,0.348,-9.11871,-8.10552,0.083,6,201586 - 202683 - 201627 - 203460 - 201566,"Ibaka,Serge - Kanter,Enes - Morrow,Anthony - Roberson,Andre - Westbrook,Russell",Lineups,,1,11.1666666667,0.0,6.07914,-6.07914,9.11871,9.11871,7.09233,-1.01319,,,,1.01319,5,0.833
68,-3.03957,1.01319,-1.01319,2.02638,0.0,-1.01319,-0.111,-1.01319,-1.01319,-0.026,3.03957,3.03957,0.15,5,201142 - 200751 - 202683 - 203460 - 203079,"Durant,Kevin - Foye,Randy - Kanter,Enes - Roberson,Andre - Waiters,Dion",Lineups,,3,11.0666666667,2.02638,0.0,0.0,0.0,0.0,4.05276,-2.02638,,,,3.03957,2,0.4
69,2.02638,3.03957,-3.03957,-1.01319,0.0,0.0,0.0,-6.07914,-1.01319,0.11,-7.09233,-6.07914,-0.278,4,201142 - 201586 - 201627 - 203460 - 201566,"Durant,Kevin - Ibaka,Serge - Morrow,Anthony - Roberson,Andre - Westbrook,Russell",Lineups,,1,10.9033333333,-4.05276,3.03957,-3.03957,-8.10552,-8.10552,-5.06595,-1.01319,,,,1.01319,3,0.75
70,2.02638,0.0,0.0,0.0,3.03957,0.0,-0.214,13.17147,9.11871,0.196,-9.11871,-6.07914,0.25,2,203500 - 201571 - 201142 - 203079 - 201566,"Adams,Steven - Augustin,D.J. - Durant,Kevin - Waiters,Dion - Westbrook,Russell",Lineups,,0,10.7983333333,2.02638,4.05276,-4.05276,12.15828,12.15828,2.02638,0.0,,,,-2.02638,2,1.0
71,-4.05276,-3.03957,3.03957,-1.01319,5.06595,-1.01319,-0.542,4.05276,0.0,-0.063,8.10552,4.05276,0.0,4,203500 - 201142 - 202683 - 203079 - 201566,"Adams,Steven - Durant,Kevin - Kanter,Enes - Waiters,Dion - Westbrook,Russell",Lineups,,1,10.78,4.05276,-4.05276,4.05276,3.03957,3.03957,3.03957,2.02638,,,,-2.02638,3,0.75
72,0.0,1.01319,-1.01319,-2.02638,1.01319,0.0,-0.048,3.03957,1.01319,-0.022,-16.21104,-15.19785,0.053,7,201142 - 200751 - 201586 - 203460 - 201566,"Durant,Kevin - Foye,Randy - Ibaka,Serge - Roberson,Andre - Westbrook,Russell",Lineups,,4,10.4216666667,0.0,9.11871,-9.11871,-13.17147,-13.17147,-2.02638,-1.01319,,,,1.01319,3,0.429
73,2.02638,1.01319,-1.01319,3.03957,0.0,-1.01319,-0.167,-4.05276,0.0,0.084,-3.03957,-1.01319,-0.333,4,203500 - 201571 - 201142 - 201586 - 203079,"Adams,Steven - Augustin,D.J. - Durant,Kevin - Ibaka,Serge - Waiters,Dion",Lineups,,1,10.4166666667,0.0,-3.03957,3.03957,-2.02638,-2.02638,3.03957,-3.03957,,,,5.06595,3,0.75
74,1.01319,0.0,0.0,0.0,0.0,-4.05276,-1.0,-4.05276,-3.03957,-0.074,-4.05276,-6.07914,-0.338,2,201571 - 2555 - 202683 - 1626166 - 203079,"Augustin,D.J. - Collison,Nick - Kanter,Enes - Payne,Cameron - Waiters,Dion",Lineups,,1,10.2666666667,0.0,0.0,0.0,-16.21104,-16.21104,0.0,-2.02638,,,,6.07914,1,0.5
75,0.0,1.01319,-1.01319,-3.03957,2.02638,1.01319,0.0,3.03957,0.0,-0.089,-4.05276,-1.01319,0.429,5,201586 - 202683 - 201627 - 1626166 - 203079,"Ibaka,Serge - Kanter,Enes - Morrow,Anthony - Payne,Cameron - Waiters,Dion",Lineups,,0,10.25,0.0,3.03957,-3.03957,0.0,0.0,-3.03957,0.0,,,,-1.01319,5,1.0
76,4.05276,-1.01319,1.01319,6.07914,0.0,2.02638,0.4,0.0,5.06595,0.313,-9.11871,-8.10552,-0.8,3,2555 - 200751 - 1737 - 201627 - 1626166,"Collison,Nick - Foye,Randy - Mohammed,Nazr - Morrow,Anthony - Payne,Cameron",Lineups,,0,10.0833333333,0.0,5.06595,-5.06595,4.05276,4.05276,6.07914,0.0,,,,2.02638,3,1.0
77,-2.02638,1.01319,-1.01319,2.02638,1.01319,-1.01319,-0.333,5.06595,3.03957,0.054,-4.05276,0.0,0.571,4,203500 - 201586 - 201627 - 1626166 - 201566,"Adams,Steven - Ibaka,Serge - Morrow,Anthony - Payne,Cameron - Westbrook,Russell",Lineups,,2,9.93333333333,0.0,2.02638,-2.02638,5.06595,5.06595,2.02638,0.0,,,,0.0,2,0.5
78,1.01319,2.02638,-2.02638,0.0,0.0,0.0,0.0,1.01319,3.03957,0.151,-2.02638,-3.03957,-0.143,5,203500 - 201142 - 202683 - 203460 - 201566,"Adams,Steven - Durant,Kevin - Kanter,Enes - Roberson,Andre - Westbrook,Russell",Lineups,,1,9.9,2.02638,3.03957,-3.03957,3.03957,3.03957,2.02638,-2.02638,,,,2.02638,4,0.8
79,0.0,-1.01319,1.01319,0.0,-1.01319,1.01319,0.5,-4.05276,-2.02638,-0.013,-5.06595,-5.06595,0.0,4,200751 - 201586 - 202683 - 202713 - 201566,"Foye,Randy - Ibaka,Serge - Kanter,Enes - Singler,Kyle - Westbrook,Russell",Lineups,,2,9.6,-1.01319,5.06595,-5.06595,-8.10552,-8.10552,-1.01319,-2.02638,,,,4.05276,2,0.5
80,-3.03957,-2.02638,2.02638,0.0,1.01319,-1.01319,-0.3,3.03957,-2.02638,-0.231,-2.02638,2.02638,0.667,1,203500 - 2555 - 1626166 - 203460 - 203079,"Adams,Steven - Collison,Nick - Payne,Cameron - Roberson,Andre - Waiters,Dion",Lineups,,1,9.5,4.05276,2.02638,-2.02638,-3.03957,-3.03957,4.05276,0.0,,,,1.01319,0,0.0
81,-2.02638,3.03957,-3.03957,5.06595,-2.02638,1.01319,0.417,-5.06595,0.0,0.15,10.1319,7.09233,-0.273,4,201142 - 201586 - 202683 - 202713 - 203079,"Durant,Kevin - Ibaka,Serge - Kanter,Enes - Singler,Kyle - Waiters,Dion",Lineups,,3,9.285,1.01319,-1.01319,1.01319,8.10552,8.10552,6.07914,-2.02638,,,,5.06595,1,0.25
82,-2.02638,-1.01319,1.01319,1.01319,1.01319,-1.01319,-0.233,1.01319,1.01319,0.037,-4.05276,-2.02638,-0.5,3,201571 - 2555 - 202683 - 201627 - 203460,"Augustin,D.J. - Collison,Nick - Kanter,Enes - Morrow,Anthony - Roberson,Andre",Lineups,,1,9.28333333333,1.01319,3.03957,-3.03957,-1.01319,-1.01319,2.02638,1.01319,,,,0.0,2,0.667
83,0.0,2.02638,-2.02638,2.02638,2.02638,3.03957,0.429,-7.09233,-2.02638,0.018,4.05276,1.01319,-0.5,2,203500 - 201142 - 201586 - 1626166 - 203460,"Adams,Steven - Durant,Kevin - Ibaka,Serge - Payne,Cameron - Roberson,Andre",Lineups,,1,9.18333333333,-2.02638,0.0,0.0,0.0,0.0,0.0,-2.02638,,,,3.03957,1,0.5
84,-2.02638,0.0,0.0,3.03957,-5.06595,-1.01319,-0.125,-3.03957,-2.02638,-0.067,2.02638,3.03957,0.5,2,2555 - 201142 - 200751 - 202683 - 202713,"Collison,Nick - Durant,Kevin - Foye,Randy - Kanter,Enes - Singler,Kyle",Lineups,,2,9.13333333333,1.01319,3.03957,-3.03957,-2.02638,-2.02638,4.05276,-1.01319,,,,3.03957,0,0.0
85,3.03957,1.01319,-1.01319,-1.01319,2.02638,1.01319,0.067,-1.01319,1.01319,0.085,-4.05276,-3.03957,-0.75,2,203500 - 200751 - 202683 - 203079 - 201566,"Adams,Steven - Foye,Randy - Kanter,Enes - Waiters,Dion - Westbrook,Russell",Lineups,,2,9.13166666667,-3.03957,2.02638,-2.02638,0.0,0.0,-4.05276,2.02638,,,,-1.01319,0,0.0
86,-5.06595,1.01319,-1.01319,-2.02638,1.01319,1.01319,0.25,-5.06595,-2.02638,0.017,0.0,-3.03957,-0.429,6,2555 - 202683 - 202713 - 203079 - 201566,"Collison,Nick - Kanter,Enes - Singler,Kyle - Waiters,Dion - Westbrook,Russell",Lineups,,2,9.07833333333,1.01319,0.0,0.0,-6.07914,-6.07914,-1.01319,-4.05276,,,,2.02638,4,0.667
87,3.03957,1.01319,-1.01319,4.05276,-2.02638,2.02638,0.583,-2.02638,6.07914,0.503,-3.03957,-2.02638,0.05,2,201571 - 201142 - 202683 - 203079 - 201566,"Augustin,D.J. - Durant,Kevin - Kanter,Enes - Waiters,Dion - Westbrook,Russell",Lineups,,0,9.07166666667,-3.03957,2.02638,-2.02638,12.15828,12.15828,1.01319,1.01319,,,,-1.01319,2,1.0
88,0.0,1.01319,-1.01319,2.02638,1.01319,0.0,-0.024,0.0,-1.01319,-0.063,4.05276,4.05276,0.089,3,201571 - 201142 - 202683 - 203460 - 203079,"Augustin,D.J. - Durant,Kevin - Kanter,Enes - Roberson,Andre - Waiters,Dion",Lineups,,0,8.78333333333,0.0,1.01319,-1.01319,2.02638,2.02638,2.02638,-1.01319,,,,0.0,3,1.0
89,-5.06595,-1.01319,1.01319,4.05276,-7.09233,-2.02638,0.267,-4.05276,0.0,0.146,3.03957,0.0,-0.75,2,203500 - 200751 - 202683 - 201627 - 203079,"Adams,Steven - Foye,Randy - Kanter,Enes - Morrow,Anthony - Waiters,Dion",Lineups,,2,8.55,2.02638,-1.01319,1.01319,-2.02638,-2.02638,6.07914,0.0,,,,5.06595,0,0.0
90,0.0,2.02638,-2.02638,2.02638,1.01319,1.01319,0.15,-1.01319,1.01319,0.096,-2.02638,-2.02638,-0.083,3,201571 - 201586 - 202683 - 203079 - 201566,"Augustin,D.J. - Ibaka,Serge - Kanter,Enes - Waiters,Dion - Westbrook,Russell",Lineups,,2,8.5,2.02638,0.0,0.0,1.01319,1.01319,4.05276,2.02638,,,,2.02638,1,0.333
91,3.03957,2.02638,-2.02638,0.0,1.01319,-1.01319,-0.3,3.03957,3.03957,0.109,4.05276,2.02638,0.4,2,203500 - 200751 - 202683 - 1626166 - 203079,"Adams,Steven - Foye,Randy - Kanter,Enes - Payne,Cameron - Waiters,Dion",Lineups,,2,8.45,4.05276,-2.02638,2.02638,7.09233,7.09233,4.05276,1.01319,,,,-2.02638,0,0.0
92,3.03957,1.01319,-1.01319,2.02638,2.02638,1.01319,0.25,5.06595,3.03957,0.067,-2.02638,3.03957,0.625,2,2555 - 202683 - 201627 - 203460 - 201566,"Collison,Nick - Kanter,Enes - Morrow,Anthony - Roberson,Andre - Westbrook,Russell",Lineups,,1,8.43333333333,2.02638,1.01319,-1.01319,10.1319,10.1319,4.05276,1.01319,,,,-3.03957,1,0.5
93,3.03957,1.01319,-1.01319,0.0,-2.02638,0.0,0.25,1.01319,4.05276,0.243,-2.02638,-2.02638,-0.667,2,200751 - 203962 - 202683 - 201627 - 1626166,"Foye,Randy - Huestis,Josh - Kanter,Enes - Morrow,Anthony - Payne,Cameron",Lineups,,1,8.4,-2.02638,0.0,0.0,6.07914,6.07914,-2.02638,1.01319,,,,-1.01319,1,0.5
94,2.02638,-1.01319,1.01319,-1.01319,-2.02638,-1.01319,0.0,2.02638,1.01319,0.0,-6.07914,-3.03957,0.3,3,202683 - 203956 - 201627 - 1626166 - 202713,"Kanter,Enes - McGary,Mitch - Morrow,Anthony - Payne,Cameron - Singler,Kyle",Lineups,,0,7.98333333333,-1.01319,3.03957,-3.03957,-2.02638,-2.02638,-2.02638,-1.01319,,,,1.01319,3,1.0
95,-1.01319,0.0,0.0,-2.02638,3.03957,-1.01319,-0.5,-1.01319,-4.05276,-0.258,-4.05276,-4.05276,-1.0,3,201571 - 201142 - 202683 - 201627 - 203079,"Augustin,D.J. - Durant,Kevin - Kanter,Enes - Morrow,Anthony - Waiters,Dion",Lineups,,2,7.93333333333,0.0,1.01319,-1.01319,-13.17147,-13.17147,-2.02638,-4.05276,,,,3.03957,1,0.333
96,1.01319,2.02638,-2.02638,3.03957,-3.03957,0.0,0.3,2.02638,3.03957,0.143,1.01319,0.0,-0.133,4,203500 - 200751 - 201586 - 202713 - 201566,"Adams,Steven - Foye,Randy - Ibaka,Serge - Singler,Kyle - Westbrook,Russell",Lineups,,2,7.66666666667,2.02638,0.0,0.0,6.07914,6.07914,5.06595,-2.02638,,,,2.02638,2,0.5
97,3.03957,0.0,0.0,6.07914,-1.01319,0.0,0.05,-1.01319,5.06595,0.436,4.05276,3.03957,-0.167,3,203500 - 201142 - 200751 - 203460 - 201566,"Adams,Steven - Durant,Kevin - Foye,Randy - Roberson,Andre - Westbrook,Russell",Lineups,,1,7.64166666667,1.01319,0.0,0.0,13.17147,13.17147,7.09233,3.03957,,,,0.0,2,0.667
98,-2.02638,1.01319,-1.01319,2.02638,1.01319,0.0,0.0,-3.03957,0.0,0.1,3.03957,5.06595,0.833,3,203500 - 202683 - 202713 - 203079 - 201566,"Adams,Steven - Kanter,Enes - Singler,Kyle - Waiters,Dion - Westbrook,Russell",Lineups,,1,7.52666666667,-3.03957,-2.02638,2.02638,5.06595,5.06595,-1.01319,2.02638,,,,-2.02638,2,0.667
99,0.0,1.01319,-1.01319,2.02638,6.07914,4.05276,0.25,-8.10552,-2.02638,0.1,5.06595,5.06595,0.357,5,201142 - 202683 - 201627 - 1626166 - 203079,"Durant,Kevin - Kanter,Enes - Morrow,Anthony - Payne,Cameron - Waiters,Dion",Lineups,,3,7.32333333333,-4.05276,-1.01319,1.01319,5.06595,5.06595,-2.02638,0.0,,,,1.01319,2,0.4
100,-2.02638,-1.01319,1.01319,0.0,-1.01319,0.0,0.167,-4.05276,-2.02638,-0.036,5.06595,3.03957,-0.333,2,203500 - 201571 - 201586 - 201627 - 203079,"Adams,Steven - Augustin,D.J. - Ibaka,Serge - Morrow,Anthony - Waiters,Dion",Lineups,,1,7.31666666667,-3.03957,-2.02638,2.02638,-1.01319,-1.01319,-3.03957,1.01319,,,,0.0,1,0.5
101,-3.03957,-1.01319,1.01319,3.03957,-1.01319,-1.01319,-0.15,3.03957,2.02638,0.038,0.0,-1.01319,-0.5,2,201571 - 2555 - 202683 - 201627 - 202713,"Augustin,D.J. - Collison,Nick - Kanter,Enes - Morrow,Anthony - Singler,Kyle",Lineups,,1,7.3,3.03957,0.0,0.0,2.02638,2.02638,6.07914,0.0,,,,-1.01319,1,0.5
102,3.03957,0.0,0.0,0.0,0.0,0.0,0.0,4.05276,6.07914,0.442,-1.01319,-2.02638,-0.333,2,202683 - 1626166 - 203460 - 202713 - 203079,"Kanter,Enes - Payne,Cameron - Roberson,Andre - Singler,Kyle - Waiters,Dion",Lineups,,1,7.26666666667,-1.01319,3.03957,-3.03957,10.1319,10.1319,-1.01319,1.01319,,,,-3.03957,1,0.5
103,-5.06595,-2.02638,2.02638,0.0,-1.01319,-2.02638,-0.667,-4.05276,-3.03957,-0.063,-4.05276,-3.03957,0.2,3,200751 - 202683 - 201627 - 1626166 - 202713,"Foye,Randy - Kanter,Enes - Morrow,Anthony - Payne,Cameron - Singler,Kyle",Lineups,,1,7.2,-3.03957,1.01319,-1.01319,-11.14509,-11.14509,-3.03957,-1.01319,,,,3.03957,2,0.667
104,6.07914,0.0,0.0,7.09233,1.01319,2.02638,0.5,2.02638,5.06595,0.321,-2.02638,2.02638,0.667,4,2555 - 201142 - 202683 - 1626166 - 202713,"Collison,Nick - Durant,Kevin - Kanter,Enes - Payne,Cameron - Singler,Kyle",Lineups,,1,7.09666666667,2.02638,1.01319,-1.01319,14.18466,14.18466,9.11871,0.0,,,,1.01319,3,0.75
105,1.01319,1.01319,-1.01319,3.03957,4.05276,3.03957,0.5,-2.02638,0.0,0.084,6.07914,6.07914,0.375,2,201142 - 201586 - 201627 - 202713 - 201566,"Durant,Kevin - Ibaka,Serge - Morrow,Anthony - Singler,Kyle - Westbrook,Russell",Lineups,,0,6.98333333333,1.01319,-4.05276,4.05276,9.11871,9.11871,4.05276,0.0,,,,2.02638,2,1.0
106,-2.02638,0.0,0.0,-1.01319,1.01319,0.0,0.0,0.0,1.01319,0.077,-3.03957,-2.02638,-0.667,3,203500 - 200751 - 201586 - 203460 - 201566,"Adams,Steven - Foye,Randy - Ibaka,Serge - Roberson,Andre - Westbrook,Russell",Lineups,,0,6.93333333333,-2.02638,2.02638,-2.02638,0.0,0.0,-3.03957,1.01319,,,,-2.02638,3,1.0
107,-1.01319,0.0,0.0,-4.05276,2.02638,0.0,-0.267,0.0,-4.05276,-0.333,-2.02638,-2.02638,-1.0,2,203500 - 202683 - 201627 - 1626166 - 202713,"Adams,Steven - Kanter,Enes - Morrow,Anthony - Payne,Cameron - Singler,Kyle",Lineups,,1,6.76666666667,-1.01319,1.01319,-1.01319,-10.1319,-10.1319,-5.06595,1.01319,,,,-1.01319,1,0.5
108,1.01319,0.0,0.0,1.01319,-7.09233,-4.05276,-0.444,-8.10552,-1.01319,0.136,2.02638,1.01319,-0.2,3,201586 - 203460 - 202713 - 203079 - 201566,"Ibaka,Serge - Roberson,Andre - Singler,Kyle - Waiters,Dion - Westbrook,Russell",Lineups,,1,6.76666666667,-5.06595,-1.01319,1.01319,-5.06595,-5.06595,-4.05276,-1.01319,,,,1.01319,2,0.667
109,-1.01319,1.01319,-1.01319,1.01319,2.02638,3.03957,1.0,0.0,1.01319,0.083,0.0,-1.01319,-0.333,2,203500 - 2555 - 201142 - 1626166 - 203079,"Adams,Steven - Collison,Nick - Durant,Kevin - Payne,Cameron - Waiters,Dion",Lineups,,0,6.7,2.02638,0.0,0.0,4.05276,4.05276,3.03957,-2.02638,,,,3.03957,2,1.0
110,0.0,0.0,0.0,-1.01319,2.02638,1.01319,-0.333,3.03957,1.01319,-0.056,1.01319,1.01319,0.0,2,203500 - 202683 - 201627 - 1626166 - 203079,"Adams,Steven - Kanter,Enes - Morrow,Anthony - Payne,Cameron - Waiters,Dion",Lineups,,2,6.605,1.01319,0.0,0.0,4.05276,4.05276,0.0,-2.02638,,,,0.0,0,0.0
111,0.0,1.01319,-1.01319,-2.02638,-1.01319,0.0,0.024,-3.03957,-1.01319,0.026,1.01319,1.01319,0.167,4,203500 - 201142 - 200751 - 202713 - 201566,"Adams,Steven - Durant,Kevin - Foye,Randy - Singler,Kyle - Westbrook,Russell",Lineups,,2,6.55666666667,-2.02638,-2.02638,2.02638,-1.01319,-1.01319,-4.05276,1.01319,,,,-3.03957,2,0.5
112,-2.02638,-1.01319,1.01319,-2.02638,-1.01319,-2.02638,-0.667,2.02638,-1.01319,-0.131,1.01319,-3.03957,-1.0,5,2555 - 202683 - 203460 - 203079 - 201566,"Collison,Nick - Kanter,Enes - Roberson,Andre - Waiters,Dion - Westbrook,Russell",Lineups,,2,6.475,2.02638,0.0,0.0,-7.09233,-7.09233,0.0,0.0,,,,-1.01319,3,0.6
113,-1.01319,0.0,0.0,4.05276,-2.02638,0.0,0.25,-5.06595,-1.01319,0.206,8.10552,7.09233,0.875,2,201142 - 201586 - 203460 - 202713 - 201566,"Durant,Kevin - Ibaka,Serge - Roberson,Andre - Singler,Kyle - Westbrook,Russell",Lineups,,2,6.44166666667,0.0,-5.06595,5.06595,5.06595,5.06595,4.05276,-2.02638,,,,2.02638,0,0.0
114,5.06595,0.0,0.0,5.06595,1.01319,3.03957,0.75,-2.02638,2.02638,0.226,-2.02638,-2.02638,-1.0,3,201142 - 202683 - 201627 - 1626166 - 202713,"Durant,Kevin - Kanter,Enes - Morrow,Anthony - Payne,Cameron - Singler,Kyle",Lineups,,1,6.41,-1.01319,1.01319,-1.01319,5.06595,5.06595,4.05276,-3.03957,,,,3.03957,2,0.667
115,-3.03957,1.01319,-1.01319,2.02638,-1.01319,-3.03957,-0.5,-1.01319,-2.02638,-0.129,5.06595,4.05276,0.8,5,201142 - 200751 - 201586 - 202683 - 201566,"Durant,Kevin - Foye,Randy - Ibaka,Serge - Kanter,Enes - Westbrook,Russell",Lineups,,2,6.4,1.01319,-2.02638,2.02638,-3.03957,-3.03957,3.03957,-1.01319,,,,2.02638,3,0.6
116,-2.02638,3.03957,-3.03957,-3.03957,3.03957,0.0,0.0,0.0,0.0,0.0,-10.1319,-9.11871,-0.9,1,2555 - 203962 - 201627 - 1626166 - 202713,"Collison,Nick - Huestis,Josh - Morrow,Anthony - Payne,Cameron - Singler,Kyle",Lineups,,0,6.35,-2.02638,5.06595,-5.06595,-9.11871,-9.11871,-5.06595,-2.02638,,,,1.01319,1,1.0
117,2.02638,0.0,0.0,3.03957,-1.01319,1.01319,0.417,-4.05276,1.01319,0.282,1.01319,0.0,0.0,2,2555 - 201142 - 200751 - 202683 - 203079,"Collison,Nick - Durant,Kevin - Foye,Randy - Kanter,Enes - Waiters,Dion",Lineups,,1,6.3,0.0,1.01319,-1.01319,3.03957,3.03957,3.03957,-1.01319,,,,3.03957,1,0.5
118,1.01319,1.01319,-1.01319,3.03957,-1.01319,0.0,0.167,2.02638,3.03957,0.192,3.03957,2.02638,-0.2,2,201571 - 201586 - 202683 - 203460 - 203079,"Augustin,D.J. - Ibaka,Serge - Kanter,Enes - Roberson,Andre - Waiters,Dion",Lineups,,0,6.15333333333,2.02638,-1.01319,1.01319,8.10552,8.10552,5.06595,-2.02638,,,,1.01319,2,1.0
119,1.01319,0.0,0.0,-2.02638,-3.03957,-2.02638,0.0,-2.02638,-2.02638,-0.05,-2.02638,-1.01319,-0.5,3,201586 - 202683 - 1626166 - 203460 - 201566,"Ibaka,Serge - Kanter,Enes - Payne,Cameron - Roberson,Andre - Westbrook,Russell",Lineups,,0,6.13333333333,-2.02638,1.01319,-1.01319,-7.09233,-7.09233,-4.05276,2.02638,,,,0.0,3,1.0
120,4.05276,0.0,0.0,1.01319,-1.01319,1.01319,0.5,4.05276,4.05276,0.229,1.01319,1.01319,1.0,1,2555 - 200751 - 202683 - 202713 - 203079,"Collison,Nick - Foye,Randy - Kanter,Enes - Singler,Kyle - Waiters,Dion",Lineups,,0,6.1,0.0,1.01319,-1.01319,10.1319,10.1319,1.01319,2.02638,,,,-1.01319,1,1.0
121,-5.06595,-2.02638,2.02638,-2.02638,-2.02638,-1.01319,-0.333,1.01319,-2.02638,-0.236,-1.01319,-2.02638,-0.5,1,201571 - 202683 - 203460 - 202713 - 203079,"Augustin,D.J. - Kanter,Enes - Roberson,Andre - Singler,Kyle - Waiters,Dion",Lineups,,1,5.95,2.02638,1.01319,-1.01319,-7.09233,-7.09233,0.0,-1.01319,,,,0.0,0,0.0
122,0.0,-2.02638,2.02638,3.03957,0.0,1.01319,1.0,-7.09233,-3.03957,0.038,2.02638,2.02638,0.25,4,202683 - 203460 - 202713 - 203079 - 201566,"Kanter,Enes - Roberson,Andre - Singler,Kyle - Waiters,Dion - Westbrook,Russell",Lineups,,2,5.935,-1.01319,0.0,0.0,-3.03957,-3.03957,2.02638,-1.01319,,,,4.05276,2,0.5
123,-1.01319,-1.01319,1.01319,-2.02638,-1.01319,0.0,0.5,3.03957,-2.02638,-0.371,-3.03957,-1.01319,0.175,3,203500 - 202683 - 1626166 - 202713 - 203079,"Adams,Steven - Kanter,Enes - Payne,Cameron - Singler,Kyle - Waiters,Dion",Lineups,,1,5.78333333333,2.02638,4.05276,-4.05276,-5.06595,-5.06595,0.0,0.0,,,,0.0,2,0.667
124,0.0,-1.01319,1.01319,4.05276,6.07914,2.02638,-0.125,-1.01319,1.01319,0.127,1.01319,2.02638,0.333,3,201142 - 200751 - 201586 - 202683 - 203079,"Durant,Kevin - Foye,Randy - Ibaka,Serge - Kanter,Enes - Waiters,Dion",Lineups,,0,5.51666666667,0.0,2.02638,-2.02638,6.07914,6.07914,4.05276,1.01319,,,,1.01319,3,1.0
125,2.02638,1.01319,-1.01319,1.01319,1.01319,1.01319,0.333,1.01319,2.02638,0.155,0.0,-1.01319,-0.25,2,2555 - 201142 - 201586 - 203079 - 201566,"Collison,Nick - Durant,Kevin - Ibaka,Serge - Waiters,Dion - Westbrook,Russell",Lineups,,0,5.47,0.0,3.03957,-3.03957,4.05276,4.05276,1.01319,1.01319,,,,0.0,2,1.0
126,2.02638,1.01319,-1.01319,6.07914,0.0,1.01319,0.333,-3.03957,3.03957,0.443,0.0,0.0,0.0,1,200751 - 203962 - 202683 - 201627 - 203079,"Foye,Randy - Huestis,Josh - Kanter,Enes - Morrow,Anthony - Waiters,Dion",Lineups,,1,5.36666666667,-1.01319,1.01319,-1.01319,7.09233,7.09233,5.06595,-3.03957,,,,3.03957,0,0.0
127,-3.03957,-2.02638,2.02638,2.02638,-6.07914,-2.02638,-0.333,-2.02638,-2.02638,-0.125,-1.01319,-1.01319,0.0,5,203500 - 201142 - 203460 - 202713 - 201566,"Adams,Steven - Durant,Kevin - Roberson,Andre - Singler,Kyle - Westbrook,Russell",Lineups,,2,5.31666666667,2.02638,2.02638,-2.02638,-7.09233,-7.09233,4.05276,-1.01319,,,,3.03957,3,0.6
128,2.02638,-1.01319,1.01319,1.01319,0.0,0.0,0.0,-2.02638,0.0,0.083,-3.03957,-2.02638,0.2,4,201142 - 202683 - 201627 - 202713 - 201566,"Durant,Kevin - Kanter,Enes - Morrow,Anthony - Singler,Kyle - Westbrook,Russell",Lineups,,1,5.28333333333,-2.02638,2.02638,-2.02638,-2.02638,-2.02638,-1.01319,0.0,,,,1.01319,3,0.75
129,-3.03957,0.0,0.0,1.01319,2.02638,1.01319,0.333,1.01319,1.01319,0.056,4.05276,2.02638,0.5,3,201142 - 202683 - 203460 - 203079 - 201566,"Durant,Kevin - Kanter,Enes - Roberson,Andre - Waiters,Dion - Westbrook,Russell",Lineups,,2,5.21666666667,0.0,-2.02638,2.02638,5.06595,5.06595,1.01319,2.02638,,,,-1.01319,1,0.333
130,0.0,0.0,0.0,3.03957,0.0,1.01319,0.2,2.02638,2.02638,0.101,0.0,0.0,0.0,1,203500 - 201571 - 2555 - 203079 - 201566,"Adams,Steven - Augustin,D.J. - Collison,Nick - Waiters,Dion - Westbrook,Russell",Lineups,,0,5.18333333333,1.01319,3.03957,-3.03957,5.06595,5.06595,4.05276,0.0,,,,-2.02638,1,1.0
131,2.02638,0.0,0.0,2.02638,2.02638,0.0,-0.25,3.03957,3.03957,0.17,-2.02638,-2.02638,-1.0,1,201571 - 202683 - 200779 - 1626166 - 202713,"Augustin,D.J. - Kanter,Enes - Novak,Steve - Payne,Cameron - Singler,Kyle",Lineups,,0,5.18333333333,2.02638,1.01319,-1.01319,4.05276,4.05276,4.05276,0.0,,,,-1.01319,1,1.0
132,1.01319,-1.01319,1.01319,1.01319,1.01319,0.0,0.0,1.01319,0.0,-0.044,-2.02638,-2.02638,-1.0,1,2555 - 203962 - 202683 - 1626166 - 203079,"Collison,Nick - Huestis,Josh - Kanter,Enes - Payne,Cameron - Waiters,Dion",Lineups,,1,5.18333333333,1.01319,-1.01319,1.01319,-2.02638,-2.02638,2.02638,-3.03957,,,,2.02638,0,0.0
133,1.01319,0.0,0.0,0.0,-1.01319,1.01319,0.5,-2.02638,-1.01319,0.0,-1.01319,-1.01319,-1.0,1,201571 - 2555 - 201586 - 201627 - 203079,"Augustin,D.J. - Collison,Nick - Ibaka,Serge - Morrow,Anthony - Waiters,Dion",Lineups,,0,5.16666666667,-1.01319,2.02638,-2.02638,-2.02638,-2.02638,-1.01319,0.0,,,,0.0,1,1.0
134,-1.01319,-2.02638,2.02638,-3.03957,-1.01319,0.0,0.5,0.0,-1.01319,-0.1,1.01319,2.02638,0.5,1,2555 - 200751 - 203962 - 202683 - 1626166,"Collison,Nick - Foye,Randy - Huestis,Josh - Kanter,Enes - Payne,Cameron",Lineups,,1,5.15,-1.01319,-2.02638,2.02638,0.0,0.0,-4.05276,0.0,,,,-1.01319,0,0.0
135,-1.01319,1.01319,-1.01319,-1.01319,5.06595,2.02638,0.4,1.01319,0.0,-0.054,-1.01319,0.0,0.333,2,203500 - 201586 - 1626166 - 202713 - 201566,"Adams,Steven - Ibaka,Serge - Payne,Cameron - Singler,Kyle - Westbrook,Russell",Lineups,,0,5.13333333333,1.01319,-1.01319,1.01319,2.02638,2.02638,0.0,0.0,,,,0.0,2,1.0
136,-1.01319,0.0,0.0,-2.02638,0.0,0.0,0.0,0.0,-2.02638,-0.2,-2.02638,-1.01319,-0.5,2,203500 - 2555 - 200751 - 201627 - 203079,"Adams,Steven - Collison,Nick - Foye,Randy - Morrow,Anthony - Waiters,Dion",Lineups,,2,5.06666666667,-1.01319,1.01319,-1.01319,-5.06595,-5.06595,-3.03957,1.01319,,,,0.0,0,0.0
137,-1.01319,0.0,0.0,2.02638,-1.01319,-1.01319,-0.333,-3.03957,-1.01319,0.011,3.03957,4.05276,0.667,5,201571 - 2555 - 202683 - 203460 - 203079,"Augustin,D.J. - Collison,Nick - Kanter,Enes - Roberson,Andre - Waiters,Dion",Lineups,,1,5.06166666667,0.0,-1.01319,1.01319,1.01319,1.01319,2.02638,-2.02638,,,,2.02638,4,0.8
138,-2.02638,0.0,0.0,-2.02638,0.0,0.0,0.0,0.0,-1.01319,-0.111,0.0,-1.01319,-0.5,2,201571 - 201142 - 201586 - 202683 - 201566,"Augustin,D.J. - Durant,Kevin - Ibaka,Serge - Kanter,Enes - Westbrook,Russell",Lineups,,1,5.01666666667,1.01319,-1.01319,1.01319,-3.03957,-3.03957,-1.01319,-1.01319,,,,1.01319,1,0.5
139,0.0,1.01319,-1.01319,3.03957,2.02638,2.02638,0.5,-1.01319,0.0,0.056,2.02638,1.01319,-0.167,2,201142 - 202683 - 201627 - 203460 - 201566,"Durant,Kevin - Kanter,Enes - Morrow,Anthony - Roberson,Andre - Westbrook,Russell",Lineups,,0,4.98333333333,0.0,-1.01319,1.01319,3.03957,3.03957,3.03957,-1.01319,,,,3.03957,2,1.0
140,1.01319,1.01319,-1.01319,0.0,3.03957,2.02638,0.5,7.09233,3.03957,-0.038,-3.03957,-1.01319,0.4,2,2555 - 201142 - 202713 - 203079 - 201566,"Collison,Nick - Durant,Kevin - Singler,Kyle - Waiters,Dion - Westbrook,Russell",Lineups,,1,4.965,1.01319,3.03957,-3.03957,7.09233,7.09233,1.01319,0.0,,,,-3.03957,1,0.5
141,0.0,0.0,0.0,1.01319,1.01319,1.01319,0.333,-4.05276,1.01319,0.282,-2.02638,-2.02638,-1.0,2,201142 - 201586 - 202683 - 1626166 - 202713,"Durant,Kevin - Ibaka,Serge - Kanter,Enes - Payne,Cameron - Singler,Kyle",Lineups,,1,4.94333333333,-3.03957,0.0,0.0,1.01319,1.01319,-2.02638,-1.01319,,,,2.02638,1,0.5
142,0.0,2.02638,-2.02638,0.0,1.01319,1.01319,0.083,-7.09233,-2.02638,0.205,1.01319,1.01319,0.5,2,201142 - 200751 - 202683 - 201627 - 203079,"Durant,Kevin - Foye,Randy - Kanter,Enes - Morrow,Anthony - Waiters,Dion",Lineups,,1,4.93333333333,-6.07914,0.0,0.0,-2.02638,-2.02638,-6.07914,1.01319,,,,-1.01319,1,0.5
143,-3.03957,0.0,0.0,-1.01319,-1.01319,-1.01319,-0.333,-1.01319,-3.03957,-0.278,2.02638,1.01319,-0.2,5,203500 - 201142 - 201586 - 1626166 - 203079,"Adams,Steven - Durant,Kevin - Ibaka,Serge - Payne,Cameron - Waiters,Dion",Lineups,,1,4.91666666667,-1.01319,-1.01319,1.01319,-6.07914,-6.07914,-2.02638,-1.01319,,,,0.0,4,0.8
144,2.02638,1.01319,-1.01319,2.02638,3.03957,1.01319,-0.5,4.05276,3.03957,0.06,-4.05276,-2.02638,-0.5,3,203500 - 202683 - 201627 - 203079 - 201566,"Adams,Steven - Kanter,Enes - Morrow,Anthony - Waiters,Dion - Westbrook,Russell",Lineups,,1,4.86666666667,2.02638,2.02638,-2.02638,5.06595,5.06595,4.05276,0.0,,,,0.0,2,0.667
145,0.0,-1.01319,1.01319,0.0,3.03957,0.0,0.0,7.09233,3.03957,0.273,2.02638,2.02638,1.0,2,201571 - 2555 - 202683 - 201627 - 201566,"Augustin,D.J. - Collison,Nick - Kanter,Enes - Morrow,Anthony - Westbrook,Russell",Lineups,,1,4.81666666667,3.03957,-5.06595,5.06595,8.10552,8.10552,3.03957,0.0,,,,-4.05276,1,0.5
146,1.01319,0.0,0.0,3.03957,-2.02638,1.01319,1.0,-1.01319,1.01319,0.153,-5.06595,-4.05276,0.111,4,201586 - 202683 - 201627 - 202713 - 201566,"Ibaka,Serge - Kanter,Enes - Morrow,Anthony - Singler,Kyle - Westbrook,Russell",Lineups,,0,4.715,1.01319,4.05276,-4.05276,-1.01319,-1.01319,4.05276,-2.02638,,,,2.02638,4,1.0
147,-2.02638,-1.01319,1.01319,-1.01319,-2.02638,-1.01319,0.333,0.0,-1.01319,-0.143,-2.02638,-2.02638,-1.0,2,203500 - 201627 - 1626166 - 202713 - 203079,"Adams,Steven - Morrow,Anthony - Payne,Cameron - Singler,Kyle - Waiters,Dion",Lineups,,1,4.66666666667,0.0,2.02638,-2.02638,-5.06595,-5.06595,-1.01319,-1.01319,,,,0.0,1,0.5
148,-2.02638,0.0,0.0,-3.03957,3.03957,-1.01319,-0.8,0.0,-3.03957,-0.429,-1.01319,1.01319,1.0,4,203500 - 201571 - 2555 - 201142 - 203079,"Adams,Steven - Augustin,D.J. - Collison,Nick - Durant,Kevin - Waiters,Dion",Lineups,,0,4.6,1.01319,3.03957,-3.03957,-6.07914,-6.07914,-2.02638,-2.02638,,,,1.01319,4,1.0
149,-2.02638,-2.02638,2.02638,5.06595,1.01319,0.0,-0.167,4.05276,3.03957,0.167,0.0,-1.01319,-0.25,1,200751 - 203962 - 202683 - 1626166 - 203079,"Foye,Randy - Huestis,Josh - Kanter,Enes - Payne,Cameron - Waiters,Dion",Lineups,,1,4.6,4.05276,-1.01319,1.01319,5.06595,5.06595,9.11871,-1.01319,,,,1.01319,0,0.0
150,0.0,0.0,0.0,0.0,0.0,1.01319,0.5,0.0,4.05276,0.571,-1.01319,-3.03957,-0.667,1,203500 - 203962 - 203460 - 203079 - 201566,"Adams,Steven - Huestis,Josh - Roberson,Andre - Waiters,Dion - Westbrook,Russell",Lineups,,1,4.48333333333,-1.01319,0.0,0.0,6.07914,6.07914,-1.01319,-1.01319,,,,0.0,0,0.0
151,1.01319,-1.01319,1.01319,2.02638,0.0,-1.01319,-0.5,-1.01319,3.03957,0.417,2.02638,2.02638,1.0,2,2555 - 202683 - 201627 - 202713 - 201566,"Collison,Nick - Kanter,Enes - Morrow,Anthony - Singler,Kyle - Westbrook,Russell",Lineups,,1,4.46666666667,0.0,-1.01319,1.01319,7.09233,7.09233,2.02638,1.01319,,,,-1.01319,1,0.5
152,2.02638,1.01319,-1.01319,3.03957,0.0,-1.01319,-0.333,0.0,1.01319,0.125,-1.01319,0.0,0.0,4,2555 - 201142 - 202683 - 201627 - 201566,"Collison,Nick - Durant,Kevin - Kanter,Enes - Morrow,Anthony - Westbrook,Russell",Lineups,,1,4.44333333333,0.0,-1.01319,1.01319,1.01319,1.01319,3.03957,-1.01319,,,,2.02638,3,0.75
153,2.02638,0.0,0.0,2.02638,4.05276,2.02638,0.0,1.01319,2.02638,0.156,3.03957,2.02638,-0.2,3,201142 - 200751 - 201586 - 202713 - 203079,"Durant,Kevin - Foye,Randy - Ibaka,Serge - Singler,Kyle - Waiters,Dion",Lineups,,2,4.33333333333,0.0,-1.01319,1.01319,8.10552,8.10552,2.02638,1.01319,,,,-1.01319,1,0.333
154,2.02638,0.0,0.0,2.02638,1.01319,0.0,-0.5,2.02638,2.02638,0.125,2.02638,2.02638,0.0,1,2555 - 200751 - 202683 - 1626166 - 202713,"Collison,Nick - Foye,Randy - Kanter,Enes - Payne,Cameron - Singler,Kyle",Lineups,,0,4.31666666667,2.02638,-1.01319,1.01319,6.07914,6.07914,4.05276,2.02638,,,,-1.01319,1,1.0
155,-1.01319,0.0,0.0,1.01319,-2.02638,-1.01319,-0.25,-1.01319,-1.01319,-0.119,0.0,-1.01319,-0.5,1,2555 - 1737 - 201627 - 1626166 - 202713,"Collison,Nick - Mohammed,Nazr - Morrow,Anthony - Payne,Cameron - Singler,Kyle",Lineups,,0,4.26666666667,2.02638,0.0,0.0,-4.05276,-4.05276,3.03957,-1.01319,,,,3.03957,1,1.0
156,-1.01319,-1.01319,1.01319,1.01319,4.05276,1.01319,-0.6,4.05276,4.05276,0.205,-3.03957,-2.02638,0.111,2,2555 - 201586 - 201627 - 203079 - 201566,"Collison,Nick - Ibaka,Serge - Morrow,Anthony - Waiters,Dion - Westbrook,Russell",Lineups,,2,4.24333333333,0.0,1.01319,-1.01319,7.09233,7.09233,1.01319,-1.01319,,,,0.0,0,0.0
157,-2.02638,-2.02638,2.02638,-2.02638,0.0,-1.01319,-0.5,0.0,-3.03957,-0.375,-3.03957,-3.03957,-1.0,2,201586 - 202683 - 201627 - 1626166 - 202713,"Ibaka,Serge - Kanter,Enes - Morrow,Anthony - Payne,Cameron - Singler,Kyle",Lineups,,0,4.23333333333,0.0,2.02638,-2.02638,-10.1319,-10.1319,-2.02638,0.0,,,,0.0,2,1.0
158,0.0,-1.01319,1.01319,0.0,-1.01319,-1.01319,-1.0,-2.02638,-1.01319,0.086,3.03957,3.03957,1.0,3,200751 - 201586 - 202683 - 203460 - 201566,"Foye,Randy - Ibaka,Serge - Kanter,Enes - Roberson,Andre - Westbrook,Russell",Lineups,,1,4.2,-2.02638,-1.01319,1.01319,0.0,0.0,-2.02638,-1.01319,,,,2.02638,2,0.667
159,-4.05276,0.0,0.0,0.0,1.01319,-1.01319,-0.417,0.0,-2.02638,-0.25,1.01319,2.02638,0.417,2,201142 - 202683 - 203460 - 202713 - 201566,"Durant,Kevin - Kanter,Enes - Roberson,Andre - Singler,Kyle - Westbrook,Russell",Lineups,,2,4.16666666667,1.01319,0.0,0.0,-3.03957,-3.03957,1.01319,0.0,,,,0.0,0,0.0
160,-3.03957,0.0,0.0,-2.02638,2.02638,1.01319,-0.333,1.01319,-1.01319,-0.4,0.0,-2.02638,-0.5,1,203962 - 1737 - 201627 - 1626166 - 203079,"Huestis,Josh - Mohammed,Nazr - Morrow,Anthony - Payne,Cameron - Waiters,Dion",Lineups,,0,4.15,0.0,0.0,0.0,-3.03957,-3.03957,-2.02638,-1.01319,,,,1.01319,1,1.0
161,0.0,0.0,0.0,1.01319,-1.01319,0.0,0.0,-1.01319,2.02638,0.278,-2.02638,-2.02638,-1.0,1,201571 - 201142 - 201586 - 201627 - 201566,"Augustin,D.J. - Durant,Kevin - Ibaka,Serge - Morrow,Anthony - Westbrook,Russell",Lineups,,1,4.14,-2.02638,0.0,0.0,2.02638,2.02638,-1.01319,-1.01319,,,,1.01319,0,0.0
162,1.01319,-2.02638,2.02638,2.02638,0.0,1.01319,0.5,0.0,0.0,0.0,4.05276,3.03957,0.75,4,201142 - 201586 - 202683 - 202713 - 201566,"Durant,Kevin - Ibaka,Serge - Kanter,Enes - Singler,Kyle - Westbrook,Russell",Lineups,,1,4.115,2.02638,-3.03957,3.03957,4.05276,4.05276,4.05276,0.0,,,,1.01319,3,0.75
163,0.0,-1.01319,1.01319,-2.02638,1.01319,2.02638,0.5,1.01319,0.0,-0.054,-1.01319,-1.01319,-1.0,1,203500 - 200751 - 201627 - 202713 - 203079,"Adams,Steven - Foye,Randy - Morrow,Anthony - Singler,Kyle - Waiters,Dion",Lineups,,1,4.1,0.0,1.01319,-1.01319,1.01319,1.01319,-2.02638,1.01319,,,,0.0,0,0.0
164,2.02638,0.0,0.0,1.01319,1.01319,2.02638,1.0,-2.02638,-1.01319,0.083,0.0,-1.01319,-0.5,3,203500 - 201571 - 201142 - 201586 - 203460,"Adams,Steven - Augustin,D.J. - Durant,Kevin - Ibaka,Serge - Roberson,Andre",Lineups,,1,4.06666666667,-1.01319,0.0,0.0,-1.01319,-1.01319,0.0,0.0,,,,0.0,2,0.667
165,0.0,3.03957,-3.03957,3.03957,-3.03957,-1.01319,-0.25,-4.05276,-1.01319,0.067,0.0,2.02638,0.333,4,2555 - 201586 - 203460 - 203079 - 201566,"Collison,Nick - Ibaka,Serge - Roberson,Andre - Waiters,Dion - Westbrook,Russell",Lineups,,1,4.00166666667,2.02638,1.01319,-1.01319,-1.01319,-1.01319,5.06595,1.01319,,,,0.0,3,0.75
166,0.0,0.0,0.0,2.02638,1.01319,0.0,0.0,0.0,1.01319,0.125,3.03957,3.03957,1.0,2,200751 - 201586 - 203460 - 203079 - 201566,"Foye,Randy - Ibaka,Serge - Roberson,Andre - Waiters,Dion - Westbrook,Russell",Lineups,,2,3.8,0.0,-2.02638,2.02638,5.06595,5.06595,2.02638,1.01319,,,,-1.01319,0,0.0
167,-1.01319,0.0,0.0,2.02638,0.0,1.01319,0.333,-3.03957,2.02638,0.475,7.09233,5.06595,0.714,1,2555 - 201142 - 200751 - 201627 - 202713,"Collison,Nick - Durant,Kevin - Foye,Randy - Morrow,Anthony - Singler,Kyle",Lineups,,1,3.76666666667,0.0,-5.06595,5.06595,10.1319,10.1319,2.02638,0.0,,,,-1.01319,0,0.0
168,0.0,-1.01319,1.01319,0.0,1.01319,0.0,0.0,2.02638,0.0,-0.159,-3.03957,-2.02638,-0.667,1,200751 - 202683 - 1626166 - 203460 - 203079,"Foye,Randy - Kanter,Enes - Payne,Cameron - Roberson,Andre - Waiters,Dion",Lineups,,0,3.76666666667,1.01319,2.02638,-2.02638,-2.02638,-2.02638,1.01319,0.0,,,,1.01319,1,1.0
169,-2.02638,-1.01319,1.01319,0.0,3.03957,2.02638,0.5,1.01319,-1.01319,-0.262,2.02638,2.02638,1.0,2,203500 - 201571 - 201586 - 202713 - 201566,"Adams,Steven - Augustin,D.J. - Ibaka,Serge - Singler,Kyle - Westbrook,Russell",Lineups,,2,3.68333333333,1.01319,-2.02638,2.02638,2.02638,2.02638,1.01319,0.0,,,,1.01319,0,0.0
170,-1.01319,0.0,0.0,2.02638,0.0,0.0,0.0,1.01319,1.01319,0.1,-6.07914,-6.07914,-1.0,3,201571 - 201586 - 202683 - 202713 - 203079,"Augustin,D.J. - Ibaka,Serge - Kanter,Enes - Singler,Kyle - Waiters,Dion",Lineups,,1,3.68333333333,2.02638,4.05276,-4.05276,-4.05276,-4.05276,4.05276,-2.02638,,,,3.03957,2,0.667
171,-1.01319,0.0,0.0,-1.01319,0.0,-1.01319,-0.5,5.06595,0.0,-0.278,-1.01319,-1.01319,0.0,2,200751 - 202683 - 1626166 - 202713 - 203079,"Foye,Randy - Kanter,Enes - Payne,Cameron - Singler,Kyle - Waiters,Dion",Lineups,,1,3.66666666667,1.01319,0.0,0.0,-2.02638,-2.02638,0.0,1.01319,,,,-2.02638,1,0.5
172,1.01319,0.0,0.0,0.0,0.0,1.01319,1.0,-2.02638,1.01319,0.5,-2.02638,-2.02638,-1.0,2,202683 - 201627 - 203460 - 203079 - 201566,"Kanter,Enes - Morrow,Anthony - Roberson,Andre - Waiters,Dion - Westbrook,Russell",Lineups,,0,3.65,-1.01319,-1.01319,1.01319,1.01319,1.01319,-1.01319,-1.01319,,,,1.01319,2,1.0
173,2.02638,0.0,0.0,5.06595,-1.01319,1.01319,0.5,0.0,1.01319,0.2,-4.05276,3.03957,0.584,1,203500 - 201571 - 201142 - 202713 - 201566,"Adams,Steven - Augustin,D.J. - Durant,Kevin - Singler,Kyle - Westbrook,Russell",Lineups,,0,3.64333333333,1.01319,3.03957,-3.03957,6.07914,6.07914,6.07914,-1.01319,,,,1.01319,1,1.0
174,-3.03957,0.0,0.0,0.0,3.03957,1.01319,0.25,-2.02638,-1.01319,-0.048,1.01319,0.0,-0.333,2,2555 - 201142 - 201627 - 203079 - 201566,"Collison,Nick - Durant,Kevin - Morrow,Anthony - Waiters,Dion - Westbrook,Russell",Lineups,,1,3.61666666667,-1.01319,-1.01319,1.01319,-1.01319,-1.01319,-1.01319,0.0,,,,0.0,1,0.5
175,-1.01319,1.01319,-1.01319,2.02638,-3.03957,-1.01319,-0.333,-2.02638,1.01319,0.292,-5.06595,-5.06595,-1.0,2,200751 - 201586 - 202683 - 201627 - 203079,"Foye,Randy - Ibaka,Serge - Kanter,Enes - Morrow,Anthony - Waiters,Dion",Lineups,,0,3.6,-2.02638,4.05276,-4.05276,-4.05276,-4.05276,0.0,-1.01319,,,,2.02638,2,1.0
176,0.0,0.0,0.0,1.01319,-2.02638,1.01319,1.0,-1.01319,1.01319,0.267,1.01319,1.01319,1.0,3,203500 - 201142 - 201627 - 203079 - 201566,"Adams,Steven - Durant,Kevin - Morrow,Anthony - Waiters,Dion - Westbrook,Russell",Lineups,,2,3.56666666667,-1.01319,0.0,0.0,4.05276,4.05276,0.0,2.02638,,,,1.01319,1,0.333
177,-1.01319,0.0,0.0,0.0,2.02638,0.0,-0.667,4.05276,0.0,-0.375,0.0,-1.01319,-0.5,1,2555 - 201142 - 201586 - 202713 - 201566,"Collison,Nick - Durant,Kevin - Ibaka,Serge - Singler,Kyle - Westbrook,Russell",Lineups,,1,3.48333333333,3.03957,0.0,0.0,-1.01319,-1.01319,3.03957,-1.01319,,,,0.0,0,0.0
178,2.02638,0.0,0.0,5.06595,-1.01319,0.0,0.0,0.0,5.06595,1.0,2.02638,2.02638,1.0,2,2555 - 201142 - 200751 - 202713 - 201566,"Collison,Nick - Durant,Kevin - Foye,Randy - Singler,Kyle - Westbrook,Russell",Lineups,,2,3.41666666667,0.0,-2.02638,2.02638,12.15828,12.15828,5.06595,-1.01319,,,,0.0,0,0.0
179,1.01319,-1.01319,1.01319,1.01319,0.0,0.0,0.0,2.02638,1.01319,-0.086,-3.03957,-1.01319,-0.333,1,2555 - 203956 - 201627 - 1626166 - 202713,"Collison,Nick - McGary,Mitch - Morrow,Anthony - Payne,Cameron - Singler,Kyle",Lineups,,0,3.36666666667,1.01319,2.02638,-2.02638,1.01319,1.01319,2.02638,1.01319,,,,-1.01319,1,1.0
180,1.01319,1.01319,-1.01319,0.0,3.03957,0.0,0.0,3.03957,2.02638,0.286,2.02638,1.01319,0.5,2,203500 - 2555 - 201627 - 202713 - 201566,"Adams,Steven - Collison,Nick - Morrow,Anthony - Singler,Kyle - Westbrook,Russell",Lineups,,2,3.33333333333,1.01319,-1.01319,1.01319,5.06595,5.06595,1.01319,0.0,,,,-1.01319,0,0.0
181,0.0,0.0,0.0,-1.01319,0.0,-1.01319,-1.0,-1.01319,0.0,0.067,-2.02638,-2.02638,-1.0,2,203500 - 2555 - 202713 - 203079 - 201566,"Adams,Steven - Collison,Nick - Singler,Kyle - Waiters,Dion - Westbrook,Russell",Lineups,,2,3.33333333333,0.0,2.02638,-2.02638,-3.03957,-3.03957,-1.01319,1.01319,,,,1.01319,0,0.0
182,0.0,1.01319,-1.01319,3.03957,2.02638,1.01319,0.333,0.0,2.02638,0.333,1.01319,0.0,0.0,2,203500 - 202683 - 201627 - 203460 - 201566,"Adams,Steven - Kanter,Enes - Morrow,Anthony - Roberson,Andre - Westbrook,Russell",Lineups,,1,3.33333333333,1.01319,0.0,0.0,5.06595,5.06595,4.05276,1.01319,,,,0.0,1,0.5
183,-1.01319,-1.01319,1.01319,-1.01319,0.0,-1.01319,-0.5,1.01319,-1.01319,-0.3,0.0,0.0,0.0,1,201571 - 201142 - 201586 - 203460 - 201566,"Augustin,D.J. - Durant,Kevin - Ibaka,Serge - Roberson,Andre - Westbrook,Russell",Lineups,,1,3.33333333333,0.0,-1.01319,1.01319,-3.03957,-3.03957,-1.01319,-1.01319,,,,0.0,0,0.0
184,2.02638,0.0,0.0,0.0,1.01319,1.01319,1.0,-2.02638,-1.01319,0.083,-2.02638,-2.02638,-1.0,1,201142 - 201586 - 1626166 - 203079 - 201566,"Durant,Kevin - Ibaka,Serge - Payne,Cameron - Waiters,Dion - Westbrook,Russell",Lineups,,0,3.28333333333,-1.01319,-1.01319,1.01319,-3.03957,-3.03957,-1.01319,-2.02638,,,,2.02638,1,1.0
185,-1.01319,0.0,0.0,1.01319,2.02638,1.01319,0.25,0.0,-1.01319,-0.167,2.02638,1.01319,0.5,2,2555 - 200751 - 202683 - 202713 - 201566,"Collison,Nick - Foye,Randy - Kanter,Enes - Singler,Kyle - Westbrook,Russell",Lineups,,1,3.26666666667,2.02638,-1.01319,1.01319,0.0,0.0,3.03957,-1.01319,,,,1.01319,1,0.5
186,1.01319,1.01319,-1.01319,2.02638,1.01319,1.01319,0.5,-1.01319,0.0,0.1,-2.02638,-1.01319,0.25,2,203500 - 201142 - 200751 - 202683 - 202713,"Adams,Steven - Durant,Kevin - Foye,Randy - Kanter,Enes - Singler,Kyle",Lineups,,1,3.25,1.01319,2.02638,-2.02638,0.0,0.0,3.03957,-2.02638,,,,3.03957,1,0.5
187,0.0,0.0,0.0,1.01319,1.01319,1.01319,0.5,-2.02638,1.01319,0.292,-2.02638,-1.01319,-0.5,1,201571 - 201586 - 202683 - 201627 - 201566,"Augustin,D.J. - Ibaka,Serge - Kanter,Enes - Morrow,Anthony - Westbrook,Russell",Lineups,,0,3.23333333333,-2.02638,1.01319,-1.01319,2.02638,2.02638,-1.01319,0.0,,,,0.0,1,1.0
188,2.02638,-1.01319,1.01319,-1.01319,0.0,1.01319,1.0,1.01319,0.0,-0.071,-1.01319,-1.01319,0.0,2,203500 - 2555 - 201142 - 201627 - 201566,"Adams,Steven - Collison,Nick - Durant,Kevin - Morrow,Anthony - Westbrook,Russell",Lineups,,2,3.22,0.0,1.01319,-1.01319,0.0,0.0,-1.01319,0.0,,,,2.02638,0,0.0
189,-2.02638,0.0,0.0,0.0,0.0,-2.02638,-0.667,-1.01319,-2.02638,-0.214,3.03957,2.02638,0.667,2,201571 - 201586 - 202683 - 203460 - 201566,"Augustin,D.J. - Ibaka,Serge - Kanter,Enes - Roberson,Andre - Westbrook,Russell",Lineups,,0,3.2,1.01319,-3.03957,3.03957,-4.05276,-4.05276,1.01319,-1.01319,,,,2.02638,2,1.0
190,-3.03957,0.0,0.0,-2.02638,-3.03957,-3.03957,-0.75,2.02638,-1.01319,-0.417,-2.02638,0.0,0.0,1,201571 - 2555 - 201586 - 201627 - 202713,"Augustin,D.J. - Collison,Nick - Ibaka,Serge - Morrow,Anthony - Singler,Kyle",Lineups,,1,3.11666666667,1.01319,-1.01319,1.01319,-5.06595,-5.06595,-1.01319,-1.01319,,,,0.0,0,0.0
191,1.01319,1.01319,-1.01319,2.02638,2.02638,1.01319,0.333,2.02638,4.05276,0.458,3.03957,2.02638,0.667,2,201571 - 202683 - 201627 - 203460 - 203079,"Augustin,D.J. - Kanter,Enes - Morrow,Anthony - Roberson,Andre - Waiters,Dion",Lineups,,1,3.08333333333,1.01319,-2.02638,2.02638,11.14509,11.14509,3.03957,0.0,,,,0.0,1,0.5
192,0.0,0.0,0.0,3.03957,1.01319,0.0,0.0,-2.02638,0.0,0.057,4.05276,3.03957,0.75,2,201142 - 202683 - 203460 - 202713 - 203079,"Durant,Kevin - Kanter,Enes - Roberson,Andre - Singler,Kyle - Waiters,Dion",Lineups,,2,3.08333333333,0.0,0.0,0.0,3.03957,3.03957,3.03957,-1.01319,,,,1.01319,0,0.0
193,2.02638,0.0,0.0,1.01319,-1.01319,0.0,0.0,3.03957,4.05276,0.464,2.02638,2.02638,1.0,3,203500 - 201571 - 201586 - 202713 - 203079,"Adams,Steven - Augustin,D.J. - Ibaka,Serge - Singler,Kyle - Waiters,Dion",Lineups,,1,3.03333333333,1.01319,1.01319,-1.01319,10.1319,10.1319,2.02638,2.02638,,,,-1.01319,2,0.667
194,-1.01319,1.01319,-1.01319,-1.01319,-1.01319,0.0,0.0,-3.03957,-2.02638,-0.175,0.0,0.0,0.0,2,201142 - 200751 - 201586 - 202713 - 201566,"Durant,Kevin - Foye,Randy - Ibaka,Serge - Singler,Kyle - Westbrook,Russell",Lineups,,2,3.01666666667,-2.02638,-1.01319,1.01319,-4.05276,-4.05276,-3.03957,0.0,,,,-1.01319,0,0.0
195,1.01319,-1.01319,1.01319,-2.02638,2.02638,-1.01319,-1.0,0.0,-2.02638,-0.4,-2.02638,-2.02638,-1.0,2,2555 - 201142 - 200751 - 202683 - 201566,"Collison,Nick - Durant,Kevin - Foye,Randy - Kanter,Enes - Westbrook,Russell",Lineups,,2,3.0,0.0,0.0,0.0,-7.09233,-7.09233,-2.02638,-1.01319,,,,0.0,0,0.0
196,0.0,0.0,0.0,0.0,1.01319,-1.01319,-1.0,3.03957,1.01319,-0.333,0.0,1.01319,0.333,2,200751 - 202683 - 203460 - 203079 - 201566,"Foye,Randy - Kanter,Enes - Roberson,Andre - Waiters,Dion - Westbrook,Russell",Lineups,,0,3.0,1.01319,1.01319,-1.01319,2.02638,2.02638,1.01319,1.01319,,,,-2.02638,2,1.0
197,1.01319,-1.01319,1.01319,-1.01319,1.01319,1.01319,1.0,3.03957,1.01319,-0.4,-2.02638,0.0,0.0,2,203500 - 201571 - 2555 - 201627 - 203079,"Adams,Steven - Augustin,D.J. - Collison,Nick - Morrow,Anthony - Waiters,Dion",Lineups,,0,2.93333333333,0.0,2.02638,-2.02638,3.03957,3.03957,-1.01319,1.01319,,,,-1.01319,2,1.0
198,0.0,0.0,0.0,-1.01319,0.0,0.0,0.0,1.01319,-1.01319,-0.35,2.02638,0.0,0.0,2,203500 - 201627 - 202713 - 203079 - 201566,"Adams,Steven - Morrow,Anthony - Singler,Kyle - Waiters,Dion - Westbrook,Russell",Lineups,,1,2.93333333333,1.01319,-2.02638,2.02638,-2.02638,-2.02638,0.0,1.01319,,,,-1.01319,1,0.5
199,-1.01319,-1.01319,1.01319,0.0,-1.01319,0.0,0.0,0.0,1.01319,0.2,0.0,-2.02638,-1.0,1,2555 - 201586 - 1626166 - 202713 - 201566,"Collison,Nick - Ibaka,Serge - Payne,Cameron - Singler,Kyle - Westbrook,Russell",Lineups,,1,2.93333333333,0.0,1.01319,-1.01319,0.0,0.0,0.0,1.01319,,,,0.0,0,0.0
200,-1.01319,0.0,0.0,-1.01319,-1.01319,-1.01319,-0.5,-1.01319,-2.02638,-0.35,2.02638,1.01319,0.5,1,2555 - 202683 - 200779 - 1626166 - 202713,"Collison,Nick - Kanter,Enes - Novak,Steve - Payne,Cameron - Singler,Kyle",Lineups,,0,2.93333333333,0.0,-1.01319,1.01319,-4.05276,-4.05276,-1.01319,1.01319,,,,1.01319,1,1.0
201,1.01319,0.0,0.0,0.0,1.01319,1.01319,0.5,0.0,1.01319,0.167,1.01319,1.01319,1.0,2,203500 - 201142 - 200751 - 202713 - 203079,"Adams,Steven - Durant,Kevin - Foye,Randy - Singler,Kyle - Waiters,Dion",Lineups,,1,2.9,-1.01319,1.01319,-1.01319,4.05276,4.05276,-1.01319,0.0,,,,0.0,1,0.5
202,0.0,2.02638,-2.02638,1.01319,0.0,0.0,0.0,0.0,1.01319,0.2,2.02638,2.02638,1.0,3,203500 - 201142 - 202683 - 1626166 - 201566,"Adams,Steven - Durant,Kevin - Kanter,Enes - Payne,Cameron - Westbrook,Russell",Lineups,,0,2.88333333333,1.01319,-1.01319,1.01319,4.05276,4.05276,2.02638,1.01319,,,,-2.02638,3,1.0
203,0.0,0.0,0.0,-2.02638,-1.01319,0.0,0.0,1.01319,-1.01319,-0.3,-1.01319,-1.01319,0.0,1,203956 - 1626166 - 203460 - 202713 - 203079,"McGary,Mitch - Payne,Cameron - Roberson,Andre - Singler,Kyle - Waiters,Dion",Lineups,,0,2.88333333333,0.0,0.0,0.0,-3.03957,-3.03957,-2.02638,0.0,,,,0.0,1,1.0
204,2.02638,-1.01319,1.01319,-1.01319,3.03957,0.0,0.0,5.06595,1.01319,-0.028,0.0,0.0,0.0,2,2555 - 201142 - 201586 - 1626166 - 201566,"Collison,Nick - Durant,Kevin - Ibaka,Serge - Payne,Cameron - Westbrook,Russell",Lineups,,0,2.86666666667,3.03957,2.02638,-2.02638,2.02638,2.02638,2.02638,1.01319,,,,-1.01319,2,1.0
205,0.0,0.0,0.0,1.01319,0.0,0.0,0.0,-2.02638,-1.01319,0.0,2.02638,2.02638,1.0,1,203500 - 2555 - 200751 - 201627 - 202713,"Adams,Steven - Collison,Nick - Foye,Randy - Morrow,Anthony - Singler,Kyle",Lineups,,1,2.83333333333,0.0,-1.01319,1.01319,0.0,0.0,1.01319,0.0,,,,1.01319,0,0.0
206,0.0,1.01319,-1.01319,2.02638,1.01319,1.01319,1.0,0.0,2.02638,0.4,5.06595,5.06595,1.0,1,201571 - 2555 - 201142 - 203460 - 203079,"Augustin,D.J. - Collison,Nick - Durant,Kevin - Roberson,Andre - Waiters,Dion",Lineups,,0,2.81666666667,0.0,-3.03957,3.03957,10.1319,10.1319,2.02638,3.03957,,,,-2.02638,1,1.0
207,-1.01319,0.0,0.0,-3.03957,0.0,-1.01319,-0.5,2.02638,-1.01319,-0.429,-2.02638,-2.02638,0.0,1,2555 - 203962 - 201627 - 1626166 - 203079,"Collison,Nick - Huestis,Josh - Morrow,Anthony - Payne,Cameron - Waiters,Dion",Lineups,,1,2.8,0.0,1.01319,-1.01319,-5.06595,-5.06595,-3.03957,0.0,,,,0.0,0,0.0
208,1.01319,1.01319,-1.01319,2.02638,-3.03957,-1.01319,-0.333,-1.01319,2.02638,0.55,0.0,0.0,0.0,1,201571 - 2555 - 202683 - 201627 - 1626166,"Augustin,D.J. - Collison,Nick - Kanter,Enes - Morrow,Anthony - Payne,Cameron",Lineups,,0,2.76666666667,0.0,-1.01319,1.01319,3.03957,3.03957,2.02638,1.01319,,,,0.0,1,1.0
209,3.03957,0.0,0.0,1.01319,0.0,2.02638,0.5,0.0,2.02638,0.4,0.0,0.0,0.0,2,201142 - 202683 - 1626166 - 203460 - 203079,"Durant,Kevin - Kanter,Enes - Payne,Cameron - Roberson,Andre - Waiters,Dion",Lineups,,1,2.76666666667,-1.01319,1.01319,-1.01319,6.07914,6.07914,0.0,1.01319,,,,-1.01319,1,0.5
210,-1.01319,0.0,0.0,0.0,2.02638,1.01319,0.5,-1.01319,-1.01319,-0.05,-2.02638,-1.01319,-0.5,1,201571 - 201586 - 202683 - 201627 - 1626166,"Augustin,D.J. - Ibaka,Serge - Kanter,Enes - Morrow,Anthony - Payne,Cameron",Lineups,,0,2.75,0.0,1.01319,-1.01319,-2.02638,-2.02638,0.0,-1.01319,,,,1.01319,1,1.0
211,1.01319,0.0,0.0,0.0,-1.01319,0.0,0.0,-1.01319,0.0,0.1,-2.02638,-1.01319,-0.5,1,201571 - 2555 - 202713 - 203079 - 201566,"Augustin,D.J. - Collison,Nick - Singler,Kyle - Waiters,Dion - Westbrook,Russell",Lineups,,0,2.73333333333,-2.02638,1.01319,-1.01319,-1.01319,-1.01319,-2.02638,0.0,,,,-1.01319,1,1.0
212,0.0,0.0,0.0,2.02638,-3.03957,-2.02638,-0.667,0.0,2.02638,0.333,0.0,0.0,0.0,1,200751 - 202683 - 203956 - 202713 - 201566,"Foye,Randy - Kanter,Enes - McGary,Mitch - Singler,Kyle - Westbrook,Russell",Lineups,,0,2.68666666667,0.0,-1.01319,1.01319,2.02638,2.02638,2.02638,0.0,,,,0.0,1,1.0
213,-1.01319,1.01319,-1.01319,0.0,-1.01319,-1.01319,0.0,-1.01319,0.0,0.25,2.02638,2.02638,1.0,2,203500 - 202683 - 203460 - 203079 - 201566,"Adams,Steven - Kanter,Enes - Roberson,Andre - Waiters,Dion - Westbrook,Russell",Lineups,,1,2.68333333333,-1.01319,0.0,0.0,1.01319,1.01319,-1.01319,-1.01319,,,,0.0,1,0.5
214,0.0,0.0,0.0,-2.02638,1.01319,0.0,0.0,0.0,-1.01319,-0.333,2.02638,0.0,0.0,1,2555 - 200751 - 203956 - 202713 - 203079,"Collison,Nick - Foye,Randy - McGary,Mitch - Singler,Kyle - Waiters,Dion",Lineups,,1,2.65,0.0,-2.02638,2.02638,-2.02638,-2.02638,-2.02638,0.0,,,,-2.02638,0,0.0
215,0.0,0.0,0.0,0.0,0.0,-1.01319,-1.0,1.01319,-1.01319,-0.35,-2.02638,0.0,0.0,2,203500 - 2555 - 203460 - 203079 - 201566,"Adams,Steven - Collison,Nick - Roberson,Andre - Waiters,Dion - Westbrook,Russell",Lineups,,1,2.63333333333,0.0,1.01319,-1.01319,-3.03957,-3.03957,0.0,0.0,,,,1.01319,1,0.5
216,0.0,0.0,0.0,-1.01319,-1.01319,-1.01319,-0.5,1.01319,0.0,-0.1,0.0,-2.02638,-0.5,1,203500 - 200751 - 201627 - 1626166 - 202713,"Adams,Steven - Foye,Randy - Morrow,Anthony - Payne,Cameron - Singler,Kyle",Lineups,,1,2.63333333333,0.0,1.01319,-1.01319,-3.03957,-3.03957,-1.01319,2.02638,,,,-2.02638,0,0.0
217,0.0,0.0,0.0,1.01319,1.01319,0.0,0.0,0.0,-1.01319,-0.2,0.0,0.0,0.0,1,200751 - 202683 - 1626166 - 203460 - 202713,"Foye,Randy - Kanter,Enes - Payne,Cameron - Roberson,Andre - Singler,Kyle",Lineups,,0,2.63333333333,1.01319,0.0,0.0,-2.02638,-2.02638,2.02638,1.01319,,,,1.01319,1,1.0
218,0.0,-1.01319,1.01319,2.02638,0.0,0.0,0.0,1.01319,0.0,-0.05,-4.05276,-1.01319,-0.25,1,202683 - 203956 - 201627 - 1626166 - 203079,"Kanter,Enes - McGary,Mitch - Morrow,Anthony - Payne,Cameron - Waiters,Dion",Lineups,,0,2.6,0.0,2.02638,-2.02638,-1.01319,-1.01319,2.02638,0.0,,,,2.02638,1,1.0
219,0.0,0.0,0.0,3.03957,0.0,1.01319,1.0,0.0,2.02638,0.667,2.02638,1.01319,0.5,2,203500 - 201142 - 200751 - 1626166 - 203079,"Adams,Steven - Durant,Kevin - Foye,Randy - Payne,Cameron - Waiters,Dion",Lineups,,0,2.58333333333,0.0,-1.01319,1.01319,6.07914,6.07914,3.03957,1.01319,,,,0.0,2,1.0
220,-4.05276,0.0,0.0,0.0,0.0,0.0,0.0,-1.01319,-2.02638,-0.3,-2.02638,-2.02638,-1.0,2,203500 - 2555 - 201627 - 1626166 - 202713,"Adams,Steven - Collison,Nick - Morrow,Anthony - Payne,Cameron - Singler,Kyle",Lineups,,1,2.56666666667,1.01319,1.01319,-1.01319,-6.07914,-6.07914,1.01319,-2.02638,,,,2.02638,1,0.5
221,-1.01319,0.0,0.0,3.03957,0.0,0.0,0.0,-1.01319,0.0,0.15,-3.03957,0.0,0.6,1,200751 - 202683 - 201627 - 202713 - 201566,"Foye,Randy - Kanter,Enes - Morrow,Anthony - Singler,Kyle - Westbrook,Russell",Lineups,,0,2.56666666667,1.01319,2.02638,-2.02638,0.0,0.0,4.05276,0.0,,,,1.01319,1,1.0
222,-1.01319,0.0,0.0,2.02638,-1.01319,0.0,0.0,-1.01319,-1.01319,-0.143,-2.02638,-1.01319,-0.5,1,201571 - 202683 - 1626166 - 202713 - 203079,"Augustin,D.J. - Kanter,Enes - Payne,Cameron - Singler,Kyle - Waiters,Dion",Lineups,,0,2.51666666667,1.01319,2.02638,-2.02638,-3.03957,-3.03957,3.03957,-1.01319,,,,3.03957,1,1.0
223,3.03957,0.0,0.0,2.02638,-1.01319,1.01319,1.0,-1.01319,1.01319,0.5,1.01319,0.0,-0.167,2,201586 - 202683 - 1626166 - 203079 - 201566,"Ibaka,Serge - Kanter,Enes - Payne,Cameron - Waiters,Dion - Westbrook,Russell",Lineups,,1,2.51666666667,0.0,-1.01319,1.01319,3.03957,3.03957,2.02638,0.0,,,,0.0,1,0.5
224,2.02638,0.0,0.0,2.02638,1.01319,1.01319,1.0,-1.01319,1.01319,0.417,2.02638,2.02638,1.0,1,2555 - 200751 - 202683 - 201627 - 202713,"Collison,Nick - Foye,Randy - Kanter,Enes - Morrow,Anthony - Singler,Kyle",Lineups,,1,2.48333333333,0.0,-1.01319,1.01319,5.06595,5.06595,2.02638,0.0,,,,0.0,0,0.0
225,1.01319,-1.01319,1.01319,-2.02638,1.01319,1.01319,0.0,2.02638,-1.01319,-0.6,0.0,-1.01319,-0.5,1,201586 - 201627 - 1626166 - 202713 - 203079,"Ibaka,Serge - Morrow,Anthony - Payne,Cameron - Singler,Kyle - Waiters,Dion",Lineups,,0,2.46666666667,0.0,0.0,0.0,-2.02638,-2.02638,-2.02638,1.01319,,,,-1.01319,1,1.0
226,-1.01319,0.0,0.0,0.0,1.01319,0.0,0.0,5.06595,2.02638,0.042,0.0,-1.01319,-0.5,3,200751 - 202683 - 203460 - 202713 - 201566,"Foye,Randy - Kanter,Enes - Roberson,Andre - Singler,Kyle - Westbrook,Russell",Lineups,,2,2.45,5.06595,0.0,0.0,3.03957,3.03957,5.06595,2.02638,,,,-1.01319,1,0.333
227,-1.01319,-2.02638,2.02638,-1.01319,1.01319,0.0,0.0,4.05276,0.0,-0.667,-2.02638,0.0,0.4,1,2555 - 201142 - 202683 - 202713 - 203079,"Collison,Nick - Durant,Kevin - Kanter,Enes - Singler,Kyle - Waiters,Dion",Lineups,,0,2.43333333333,2.02638,1.01319,-1.01319,0.0,0.0,1.01319,0.0,,,,-1.01319,1,1.0
228,-1.01319,1.01319,-1.01319,0.0,-1.01319,0.0,0.333,-2.02638,0.0,0.333,0.0,0.0,0.0,1,201571 - 201142 - 201586 - 201627 - 203079,"Augustin,D.J. - Durant,Kevin - Ibaka,Serge - Morrow,Anthony - Waiters,Dion",Lineups,,0,2.4,-1.01319,-1.01319,1.01319,0.0,0.0,-1.01319,0.0,,,,-1.01319,1,1.0
229,0.0,0.0,0.0,2.02638,-2.02638,-1.01319,-0.5,2.02638,1.01319,0.0,1.01319,2.02638,0.5,1,203500 - 201571 - 202683 - 201627 - 203079,"Adams,Steven - Augustin,D.J. - Kanter,Enes - Morrow,Anthony - Waiters,Dion",Lineups,,0,2.36666666667,3.03957,0.0,0.0,3.03957,3.03957,5.06595,0.0,,,,1.01319,1,1.0
230,0.0,0.0,0.0,-1.01319,0.0,0.0,0.0,0.0,0.0,0.0,2.02638,1.01319,0.5,1,201586 - 202683 - 1626166 - 203460 - 203079,"Ibaka,Serge - Kanter,Enes - Payne,Cameron - Roberson,Andre - Waiters,Dion",Lineups,,1,2.35,-1.01319,-2.02638,2.02638,1.01319,1.01319,-2.02638,1.01319,,,,-1.01319,0,0.0
231,2.02638,2.02638,-2.02638,2.02638,2.02638,2.02638,0.667,-2.02638,1.01319,0.467,-1.01319,-1.01319,-1.0,2,201142 - 201586 - 1626166 - 203460 - 203079,"Durant,Kevin - Ibaka,Serge - Payne,Cameron - Roberson,Andre - Waiters,Dion",Lineups,,1,2.34,0.0,0.0,0.0,3.03957,3.03957,2.02638,0.0,,,,0.0,1,0.5
232,1.01319,1.01319,-1.01319,3.03957,0.0,0.0,0.0,1.01319,3.03957,0.75,-2.02638,-2.02638,-1.0,2,201586 - 202683 - 201627 - 1626166 - 201566,"Ibaka,Serge - Kanter,Enes - Morrow,Anthony - Payne,Cameron - Westbrook,Russell",Lineups,,0,2.33333333333,1.01319,1.01319,-1.01319,4.05276,4.05276,4.05276,0.0,,,,0.0,2,1.0
233,-1.01319,0.0,0.0,0.0,-1.01319,-1.01319,0.0,-1.01319,0.0,0.167,0.0,0.0,0.0,2,201142 - 201586 - 1626166 - 202713 - 203079,"Durant,Kevin - Ibaka,Serge - Payne,Cameron - Singler,Kyle - Waiters,Dion",Lineups,,0,2.325,-1.01319,1.01319,-1.01319,-1.01319,-1.01319,-1.01319,0.0,,,,0.0,2,1.0
234,2.02638,-1.01319,1.01319,1.01319,3.03957,2.02638,0.667,2.02638,2.02638,0.167,-4.05276,-3.03957,-0.75,1,203956 - 201627 - 200779 - 1626166 - 202713,"McGary,Mitch - Morrow,Anthony - Novak,Steve - Payne,Cameron - Singler,Kyle",Lineups,,0,2.3,-1.01319,2.02638,-2.02638,3.03957,3.03957,0.0,0.0,,,,0.0,1,1.0
235,-1.01319,-2.02638,2.02638,-2.02638,0.0,0.0,0.0,2.02638,-1.01319,-0.333,0.0,0.0,0.0,1,203500 - 201571 - 201142 - 202683 - 201627,"Adams,Steven - Augustin,D.J. - Durant,Kevin - Kanter,Enes - Morrow,Anthony",Lineups,,0,2.28333333333,1.01319,0.0,0.0,-2.02638,-2.02638,-1.01319,0.0,,,,0.0,1,1.0
236,1.01319,1.01319,-1.01319,3.03957,1.01319,0.0,-0.5,-2.02638,1.01319,0.467,0.0,0.0,0.0,1,2555 - 202683 - 1626166 - 203079 - 201566,"Collison,Nick - Kanter,Enes - Payne,Cameron - Waiters,Dion - Westbrook,Russell",Lineups,,1,2.28333333333,0.0,0.0,0.0,2.02638,2.02638,3.03957,-1.01319,,,,2.02638,0,0.0
237,-2.02638,1.01319,-1.01319,0.0,1.01319,0.0,0.0,-3.03957,-2.02638,-0.179,2.02638,3.03957,0.75,1,203500 - 201142 - 1626166 - 203460 - 203079,"Adams,Steven - Durant,Kevin - Payne,Cameron - Roberson,Andre - Waiters,Dion",Lineups,,1,2.26,-2.02638,-1.01319,1.01319,-1.01319,-1.01319,-2.02638,0.0,,,,0.0,0,0.0
238,1.01319,0.0,0.0,1.01319,0.0,1.01319,1.0,2.02638,3.03957,0.417,-2.02638,-1.01319,0.0,2,200751 - 202683 - 201627 - 203079 - 201566,"Foye,Randy - Kanter,Enes - Morrow,Anthony - Waiters,Dion - Westbrook,Russell",Lineups,,1,2.25166666667,0.0,1.01319,-1.01319,6.07914,6.07914,1.01319,1.01319,,,,-1.01319,1,0.5
239,-1.01319,1.01319,-1.01319,0.0,1.01319,0.0,0.0,-2.02638,-1.01319,0.0,-3.03957,0.0,0.0,3,200751 - 202683 - 202713 - 203079 - 201566,"Foye,Randy - Kanter,Enes - Singler,Kyle - Waiters,Dion - Westbrook,Russell",Lineups,,1,2.23333333333,-1.01319,3.03957,-3.03957,-2.02638,-2.02638,-1.01319,0.0,,,,1.01319,2,0.667
240,2.02638,0.0,0.0,2.02638,-1.01319,1.01319,1.0,-2.02638,2.02638,1.0,-2.02638,-1.01319,-0.5,1,201571 - 2555 - 201586 - 202713 - 203079,"Augustin,D.J. - Collison,Nick - Ibaka,Serge - Singler,Kyle - Waiters,Dion",Lineups,,1,2.21666666667,-1.01319,-1.01319,1.01319,4.05276,4.05276,1.01319,-2.02638,,,,0.0,0,0.0
241,-1.01319,-1.01319,1.01319,-2.02638,0.0,0.0,0.0,0.0,-1.01319,-0.2,1.01319,0.0,-0.333,1,201571 - 2555 - 201627 - 203460 - 203079,"Augustin,D.J. - Collison,Nick - Morrow,Anthony - Roberson,Andre - Waiters,Dion",Lineups,,0,2.21666666667,0.0,0.0,0.0,-2.02638,-2.02638,-2.02638,0.0,,,,0.0,1,1.0
242,-1.01319,-1.01319,1.01319,0.0,-1.01319,0.0,0.5,-1.01319,0.0,0.15,0.0,0.0,0.0,2,201142 - 200751 - 202683 - 201627 - 1626166,"Durant,Kevin - Foye,Randy - Kanter,Enes - Morrow,Anthony - Payne,Cameron",Lineups,,0,2.2,-1.01319,0.0,0.0,0.0,0.0,-1.01319,0.0,,,,0.0,2,1.0
243,-1.01319,-1.01319,1.01319,-1.01319,1.01319,1.01319,1.0,1.01319,0.0,-0.333,-4.05276,-4.05276,-1.0,1,203500 - 201586 - 201627 - 1626166 - 203079,"Adams,Steven - Ibaka,Serge - Morrow,Anthony - Payne,Cameron - Waiters,Dion",Lineups,,0,2.18333333333,0.0,2.02638,-2.02638,-3.03957,-3.03957,-1.01319,-1.01319,,,,1.01319,1,1.0
244,2.02638,0.0,0.0,2.02638,0.0,2.02638,1.0,0.0,2.02638,0.5,-1.01319,-1.01319,0.0,1,200751 - 201586 - 202713 - 203079 - 201566,"Foye,Randy - Ibaka,Serge - Singler,Kyle - Waiters,Dion - Westbrook,Russell",Lineups,,1,2.18333333333,-1.01319,1.01319,-1.01319,5.06595,5.06595,1.01319,0.0,,,,0.0,0,0.0
245,0.0,2.02638,-2.02638,3.03957,-1.01319,0.0,0.0,-3.03957,0.0,0.3,2.02638,2.02638,1.0,2,203500 - 201571 - 201586 - 203460 - 203079,"Adams,Steven - Augustin,D.J. - Ibaka,Serge - Roberson,Andre - Waiters,Dion",Lineups,,1,2.18,-1.01319,-2.02638,2.02638,2.02638,2.02638,2.02638,0.0,,,,1.01319,1,0.5
246,-2.02638,1.01319,-1.01319,1.01319,0.0,-1.01319,-0.5,-1.01319,-1.01319,-0.15,0.0,0.0,0.0,1,203500 - 201142 - 202683 - 1626166 - 202713,"Adams,Steven - Durant,Kevin - Kanter,Enes - Payne,Cameron - Singler,Kyle",Lineups,,1,2.15,0.0,0.0,0.0,-3.03957,-3.03957,1.01319,-1.01319,,,,2.02638,0,0.0
247,-1.01319,0.0,0.0,0.0,-1.01319,0.0,0.0,-1.01319,0.0,0.167,-2.02638,-2.02638,-1.0,1,202683 - 1626166 - 202713 - 203079 - 201566,"Kanter,Enes - Payne,Cameron - Singler,Kyle - Waiters,Dion - Westbrook,Russell",Lineups,,1,2.1,-1.01319,0.0,0.0,-2.02638,-2.02638,-1.01319,0.0,,,,0.0,0,0.0
248,0.0,0.0,0.0,1.01319,0.0,0.0,0.0,0.0,1.01319,0.5,-2.02638,-2.02638,-1.0,2,203500 - 201571 - 201142 - 203460 - 203079,"Adams,Steven - Augustin,D.J. - Durant,Kevin - Roberson,Andre - Waiters,Dion",Lineups,,0,2.08333333333,0.0,1.01319,-1.01319,0.0,0.0,1.01319,2.02638,,,,0.0,2,1.0
249,-2.02638,-1.01319,1.01319,0.0,-1.01319,-1.01319,0.0,-1.01319,-1.01319,-0.1,0.0,0.0,0.0,1,203500 - 201142 - 202683 - 202713 - 201566,"Adams,Steven - Durant,Kevin - Kanter,Enes - Singler,Kyle - Westbrook,Russell",Lineups,,0,2.08333333333,0.0,0.0,0.0,-3.03957,-3.03957,0.0,-1.01319,,,,1.01319,1,1.0
