,BLKA,CFID,CFPARAMS,EFG_PCT,FG3A,FG3M,FG3_PCT,FGA,FGM,FG_PCT,GROUP_SET,GROUP_VALUE,PCT_AST_2PM,PCT_AST_3PM,PCT_AST_FGM,PCT_UAST_2PM,PCT_UAST_3PM,PCT_UAST_FGM
0,317,170,2015-16,0.526,1518,570,0.375,6797,3289,0.484,Overall,2015-16,0.549,0.905,0.611,0.451,0.095,0.389
0,220,171,Less Than 5 ft.,0.637,0,0,0.0,2152,1370,0.637,Shot Distance (5ft),Less Than 5 ft.,0.567,0.0,0.567,0.433,0.0,0.433
1,62,171,5-9 ft.,0.438,0,0,0.0,831,364,0.438,Shot Distance (5ft),5-9 ft.,0.42,0.0,0.42,0.58,0.0,0.58
2,9,171,10-14 ft.,0.437,0,0,0.0,707,309,0.437,Shot Distance (5ft),10-14 ft.,0.43,0.0,0.43,0.57,0.0,0.57
3,16,171,15-19 ft.,0.432,0,0,0.0,1337,577,0.432,Shot Distance (5ft),15-19 ft.,0.622,0.0,0.622,0.378,0.0,0.378
4,6,171,20-24 ft.,0.556,929,372,0.4,1181,471,0.399,Shot Distance (5ft),20-24 ft.,0.727,0.906,0.868,0.273,0.094,0.132
5,4,171,25-29 ft.,0.527,561,197,0.351,561,197,0.351,Shot Distance (5ft),25-29 ft.,0.0,0.904,0.904,0.0,0.096,0.096
6,0,171,30-34 ft.,0.0,5,0,0.0,5,0,0.0,Shot Distance (5ft),30-34 ft.,0.0,0.0,0.0,0.0,0.0,0.0
7,0,171,35-39 ft.,0.0,3,0,0.0,3,0,0.0,Shot Distance (5ft),35-39 ft.,0.0,0.0,0.0,0.0,0.0,0.0
8,0,171,40+ ft.,0.0,15,0,0.0,15,0,0.0,Shot Distance (5ft),40+ ft.,0.0,0.0,0.0,0.0,0.0,0.0
0,265,172,Less Than 8 ft.,0.602,0,0,0.0,2649,1595,0.602,Shot Distance (8ft),Less Than 8 ft.,0.547,0.0,0.547,0.453,0.0,0.453
1,27,172,8-16 ft.,0.434,0,0,0.0,1267,550,0.434,Shot Distance (8ft),8-16 ft.,0.44,0.0,0.44,0.56,0.0,0.56
2,16,172,16-24 ft.,0.421,0,0,0.0,1363,574,0.421,Shot Distance (8ft),16-24 ft.,0.66,0.0,0.66,0.34,0.0,0.34
3,9,172,24+ ft.,0.569,1500,569,0.379,1500,569,0.379,Shot Distance (8ft),24+ ft.,0.0,0.905,0.905,0.0,0.095,0.095
4,0,172,Back Court Shot,0.0,13,0,0.0,13,0,0.0,Shot Distance (8ft),Back Court Shot,0.0,0.0,0.0,0.0,0.0,0.0
0,199,173,Restricted Area,0.65,0,0,0.0,1973,1283,0.65,Shot Area,Restricted Area,0.578,0.0,0.578,0.422,0.0,0.422
1,81,173,In The Paint (Non-RA),0.453,0,0,0.0,1110,503,0.453,Shot Area,In The Paint (Non-RA),0.414,0.0,0.414,0.586,0.0,0.586
2,28,173,Mid-Range,0.425,0,0,0.0,2196,933,0.425,Shot Area,Mid-Range,0.584,0.0,0.584,0.416,0.0,0.416
3,2,173,Left Corner 3,0.54,214,77,0.36,214,77,0.36,Shot Area,Left Corner 3,0.0,0.922,0.922,0.0,0.078,0.078
4,0,173,Right Corner 3,0.596,229,91,0.397,229,91,0.397,Shot Area,Right Corner 3,0.0,0.967,0.967,0.0,0.033,0.033
5,7,173,Above the Break 3,0.567,1060,401,0.378,1060,401,0.378,Shot Area,Above the Break 3,0.0,0.888,0.888,0.0,0.112,0.112
6,0,173,Backcourt,0.0,10,0,0.0,10,0,0.0,Shot Area,Backcourt,0.0,0.0,0.0,0.0,0.0,0.0
0,0,169,Assisted,1.128,516,516,1.0,2010,2010,1.0,Assisted Shot,Assisted,1.0,1.0,1.0,0.0,0.0,0.0
1,0,169,Unassisted,1.021,54,54,1.0,1279,1279,1.0,Assisted Shot,Unassisted,0.0,0.0,0.0,1.0,1.0,1.0
0,0,174,Alley Oop Dunk Shot,0.857,0,0,0.0,21,18,0.857,Shot Type,Alley Oop Dunk Shot,1.0,0.0,1.0,0.0,0.0,0.0
1,1,174,Alley Oop Layup shot,0.738,0,0,0.0,42,31,0.738,Shot Type,Alley Oop Layup shot,1.0,0.0,1.0,0.0,0.0,0.0
2,0,174,Cutting Dunk Shot,1.0,0,0,0.0,35,35,1.0,Shot Type,Cutting Dunk Shot,1.0,0.0,1.0,0.0,0.0,0.0
3,1,174,Cutting Finger Roll Layup Shot,0.833,0,0,0.0,42,35,0.833,Shot Type,Cutting Finger Roll Layup Shot,1.0,0.0,1.0,0.0,0.0,0.0
4,6,174,Cutting Layup Shot,0.798,0,0,0.0,84,67,0.798,Shot Type,Cutting Layup Shot,1.0,0.0,1.0,0.0,0.0,0.0
5,0,174,Driving Bank Hook Shot,1.0,0,0,0.0,3,3,1.0,Shot Type,Driving Bank Hook Shot,0.333,0.0,0.333,0.667,0.0,0.667
6,0,174,Driving Bank shot,0.458,0,0,0.0,24,11,0.458,Shot Type,Driving Bank shot,0.455,0.0,0.455,0.545,0.0,0.545
7,1,174,Driving Dunk Shot,0.97,0,0,0.0,33,32,0.97,Shot Type,Driving Dunk Shot,0.406,0.0,0.406,0.594,0.0,0.594
8,7,174,Driving Finger Roll Layup Shot,0.694,0,0,0.0,134,93,0.694,Shot Type,Driving Finger Roll Layup Shot,0.398,0.0,0.398,0.602,0.0,0.602
9,0,174,Driving Floating Bank Jump Shot,0.2,0,0,0.0,10,2,0.2,Shot Type,Driving Floating Bank Jump Shot,0.5,0.0,0.5,0.5,0.0,0.5
10,6,174,Driving Floating Jump Shot,0.508,0,0,0.0,59,30,0.508,Shot Type,Driving Floating Jump Shot,0.2,0.0,0.2,0.8,0.0,0.8
11,1,174,Driving Hook Shot,0.745,0,0,0.0,51,38,0.745,Shot Type,Driving Hook Shot,0.474,0.0,0.474,0.526,0.0,0.526
12,0,174,Driving Jump shot,0.0,0,0,0.0,1,0,0.0,Shot Type,Driving Jump shot,0.0,0.0,0.0,0.0,0.0,0.0
13,31,174,Driving Layup Shot,0.567,0,0,0.0,289,164,0.567,Shot Type,Driving Layup Shot,0.317,0.0,0.317,0.683,0.0,0.683
14,2,174,Driving Reverse Layup Shot,0.606,0,0,0.0,33,20,0.606,Shot Type,Driving Reverse Layup Shot,0.55,0.0,0.55,0.45,0.0,0.45
15,6,174,Dunk Shot,0.831,0,0,0.0,83,69,0.831,Shot Type,Dunk Shot,0.783,0.0,0.783,0.217,0.0,0.217
16,0,174,Fadeaway Bank shot,0.6,1,0,0.0,5,3,0.6,Shot Type,Fadeaway Bank shot,0.333,0.0,0.333,0.667,0.0,0.667
17,5,174,Fadeaway Jump Shot,0.428,1,0,0.0,138,59,0.428,Shot Type,Fadeaway Jump Shot,0.339,0.0,0.339,0.661,0.0,0.661
18,5,174,Finger Roll Layup Shot,0.591,0,0,0.0,44,26,0.591,Shot Type,Finger Roll Layup Shot,0.462,0.0,0.462,0.538,0.0,0.538
19,6,174,Floating Jump shot,0.494,1,0,0.0,156,77,0.494,Shot Type,Floating Jump shot,0.597,0.0,0.597,0.403,0.0,0.403
20,0,174,Hook Bank Shot,0.375,0,0,0.0,8,3,0.375,Shot Type,Hook Bank Shot,0.333,0.0,0.333,0.667,0.0,0.667
21,5,174,Hook Shot,0.529,0,0,0.0,136,72,0.529,Shot Type,Hook Shot,0.444,0.0,0.444,0.556,0.0,0.556
22,0,174,Jump Bank Shot,0.547,6,3,0.5,85,45,0.529,Shot Type,Jump Bank Shot,0.476,1.0,0.511,0.524,0.0,0.489
23,91,174,Jump Shot,0.433,1403,519,0.37,3110,1088,0.35,Shot Type,Jump Shot,0.752,0.936,0.84,0.248,0.064,0.16
24,96,174,Layup Shot,0.563,0,0,0.0,567,319,0.563,Shot Type,Layup Shot,0.721,0.0,0.721,0.279,0.0,0.279
25,0,174,Pullup Bank shot,0.875,0,0,0.0,8,7,0.875,Shot Type,Pullup Bank shot,0.429,0.0,0.429,0.571,0.0,0.571
26,7,174,Pullup Jump shot,0.559,75,36,0.48,549,289,0.526,Shot Type,Pullup Jump shot,0.364,0.5,0.381,0.636,0.5,0.619
27,0,174,Putback Dunk Shot,1.0,0,0,0.0,8,8,1.0,Shot Type,Putback Dunk Shot,0.0,0.0,0.0,1.0,0.0,1.0
28,4,174,Putback Layup Shot,0.786,0,0,0.0,70,55,0.786,Shot Type,Putback Layup Shot,0.0,0.0,0.0,1.0,0.0,1.0
29,0,174,Reverse Dunk Shot,1.0,0,0,0.0,2,2,1.0,Shot Type,Reverse Dunk Shot,0.5,0.0,0.5,0.5,0.0,0.5
30,4,174,Reverse Layup Shot,0.644,0,0,0.0,104,67,0.644,Shot Type,Reverse Layup Shot,0.731,0.0,0.731,0.269,0.0,0.269
31,0,174,Running Alley Oop Dunk Shot,1.0,0,0,0.0,1,1,1.0,Shot Type,Running Alley Oop Dunk Shot,1.0,0.0,1.0,0.0,0.0,0.0
32,0,174,Running Alley Oop Layup Shot,1.0,0,0,0.0,3,3,1.0,Shot Type,Running Alley Oop Layup Shot,1.0,0.0,1.0,0.0,0.0,0.0
33,0,174,Running Dunk Shot,1.0,0,0,0.0,34,34,1.0,Shot Type,Running Dunk Shot,0.647,0.0,0.647,0.353,0.0,0.353
34,3,174,Running Finger Roll Layup Shot,0.708,0,0,0.0,24,17,0.708,Shot Type,Running Finger Roll Layup Shot,0.412,0.0,0.412,0.588,0.0,0.588
35,6,174,Running Jump Shot,0.42,6,2,0.333,50,20,0.4,Shot Type,Running Jump Shot,0.444,1.0,0.5,0.556,0.0,0.5
36,7,174,Running Layup Shot,0.758,0,0,0.0,66,50,0.758,Shot Type,Running Layup Shot,0.44,0.0,0.44,0.56,0.0,0.56
37,0,174,Running Pull-Up Jump Shot,0.75,3,1,0.333,6,4,0.667,Shot Type,Running Pull-Up Jump Shot,0.0,1.0,0.25,1.0,0.0,0.75
38,1,174,Running Reverse Layup Shot,0.727,0,0,0.0,11,8,0.727,Shot Type,Running Reverse Layup Shot,0.875,0.0,0.875,0.125,0.0,0.125
39,0,174,Step Back Bank Jump Shot,0.0,0,0,0.0,0,0,0.0,Shot Type,Step Back Bank Jump Shot,0.0,0.0,0.0,0.0,0.0,0.0
40,0,174,Step Back Jump shot,0.62,20,8,0.4,142,84,0.592,Shot Type,Step Back Jump shot,0.303,0.625,0.333,0.697,0.375,0.667
41,0,174,Tip Dunk Shot,0.875,0,0,0.0,8,7,0.875,Shot Type,Tip Dunk Shot,0.0,0.0,0.0,1.0,0.0,1.0
42,0,174,Tip Layup Shot,0.653,0,0,0.0,98,64,0.653,Shot Type,Tip Layup Shot,0.0,0.0,0.0,1.0,0.0,1.0
43,0,174,Turnaround Bank Hook Shot,0.8,0,0,0.0,5,4,0.8,Shot Type,Turnaround Bank Hook Shot,0.5,0.0,0.5,0.5,0.0,0.5
44,2,174,Turnaround Bank shot,0.595,0,0,0.0,42,25,0.595,Shot Type,Turnaround Bank shot,0.36,0.0,0.36,0.64,0.0,0.64
45,0,174,Turnaround Fadeaway Bank Jump Shot,0.429,0,0,0.0,7,3,0.429,Shot Type,Turnaround Fadeaway Bank Jump Shot,0.0,0.0,0.0,1.0,0.0,1.0
46,1,174,Turnaround Fadeaway shot,0.549,0,0,0.0,71,39,0.549,Shot Type,Turnaround Fadeaway shot,0.103,0.0,0.103,0.897,0.0,0.897
47,2,174,Turnaround Hook Shot,0.684,0,0,0.0,79,54,0.684,Shot Type,Turnaround Hook Shot,0.481,0.0,0.481,0.519,0.0,0.519
48,10,174,Turnaround Jump Shot,0.484,2,1,0.5,216,104,0.481,Shot Type,Turnaround Jump Shot,0.398,1.0,0.404,0.602,0.0,0.596
