,GAMECODE,GAME_DATE_EST,GAME_ID,GAME_SEQUENCE,GAME_STATUS_ID,GAME_STATUS_TEXT,HOME_TEAM_ID,HOME_TEAM_LOSSES,HOME_TEAM_WINS,LARGEST_LEAD,LEAD_CHANGES,LEAGUE_ID,LIVE_PC_TIME,LIVE_PERIOD,LIVE_PERIOD_TIME_BCAST,NATL_TV_BROADCASTER_ABBREVIATION,PTS_2ND_CHANCE,PTS_FB,PTS_PAINT,SEASON,SERIES_LEADER,TEAM_ABBREVIATION,TEAM_CITY,TEAM_ID,TIMES_TIED,VISITOR_TEAM_ID,WH_STATUS
0,20160207/SACBOS,2016-02-07T00:00:00,0021500773,3.0,3.0,Final,1610612738.0,,,,,,     ,4.0,Q4       - ,,,,,2015,,,,,,1610612758.0,1.0
0,,,,,,,,,,4.0,1.0,00,,,,,19.0,11.0,56.0,,,SAC,Sacramento,1610612758.0,0.0,,
1,,,,,,,,,,21.0,1.0,00,,,,,23.0,13.0,62.0,,,BOS,Boston,1610612738.0,0.0,,
0,,2016-02-07T00:00:00,0021500773,,,,1610612738.0,0.0,2.0,,,,,,,,,,,,Boston,,,,,1610612758.0,
