,GAMECODE,GAME_DATE_EST,GAME_ID,GAME_SEQUENCE,GAME_STATUS_ID,GAME_STATUS_TEXT,HOME_TEAM_ID,HOME_TEAM_LOSSES,HOME_TEAM_WINS,LARGEST_LEAD,LEAD_CHANGES,LEAGUE_ID,LIVE_PC_TIME,LIVE_PERIOD,LIVE_PERIOD_TIME_BCAST,NATL_TV_BROADCASTER_ABBREVIATION,PTS_2ND_CHANCE,PTS_FB,PTS_PAINT,SEASON,SERIES_LEADER,TEAM_ABBREVIATION,TEAM_CITY,TEAM_ID,TIMES_TIED,VISITOR_TEAM_ID,WH_STATUS
0,20160224/LALMEM,2016-02-24T00:00:00,0021500851,7.0,3.0,Final,1610612763.0,,,,,,     ,4.0,Q4       - ,,,,,2015,,,,,,1610612747.0,1.0
0,,,,,,,,,,19.0,0.0,00,,,,,18.0,19.0,54.0,,,MEM,Memphis,1610612763.0,1.0,,
1,,,,,,,,,,0.0,0.0,00,,,,,17.0,18.0,30.0,,,LAL,Los Angeles,1610612747.0,1.0,,
0,,2016-02-24T00:00:00,0021500851,,,,1610612763.0,1.0,3.0,,,,,,,,,,,,Memphis,,,,,1610612747.0,
