,BLKA,CFID,CFPARAMS,EFG_PCT,FG3A,FG3M,FG3_PCT,FGA,FGM,FG_PCT,GROUP_SET,GROUP_VALUE,PCT_AST_2PM,PCT_AST_3PM,PCT_AST_FGM,PCT_UAST_2PM,PCT_UAST_3PM,PCT_UAST_FGM
0,336,170,2015-16,0.563,2592,1077,0.416,7159,3489,0.487,Overall,2015-16,0.626,0.801,0.68,0.374,0.199,0.32
0,248,171,Less Than 5 ft.,0.617,0,0,0.0,2478,1530,0.617,Shot Distance (5ft),Less Than 5 ft.,0.669,0.0,0.669,0.331,0.0,0.331
1,53,171,5-9 ft.,0.377,0,0,0.0,567,214,0.377,Shot Distance (5ft),5-9 ft.,0.467,0.0,0.467,0.533,0.0,0.533
2,6,171,10-14 ft.,0.434,0,0,0.0,555,241,0.434,Shot Distance (5ft),10-14 ft.,0.419,0.0,0.419,0.581,0.0,0.581
3,14,171,15-19 ft.,0.436,0,0,0.0,723,315,0.436,Shot Distance (5ft),15-19 ft.,0.654,0.0,0.654,0.346,0.0,0.346
4,9,171,20-24 ft.,0.581,1127,456,0.405,1371,568,0.414,Shot Distance (5ft),20-24 ft.,0.714,0.89,0.856,0.286,0.11,0.144
5,5,171,25-29 ft.,0.641,1390,594,0.427,1390,594,0.427,Shot Distance (5ft),25-29 ft.,0.0,0.756,0.756,0.0,0.244,0.244
6,0,171,30-34 ft.,0.711,38,18,0.474,38,18,0.474,Shot Distance (5ft),30-34 ft.,0.0,0.278,0.278,0.0,0.722,0.722
7,0,171,35-39 ft.,0.5,6,2,0.333,6,2,0.333,Shot Distance (5ft),35-39 ft.,0.0,0.0,0.0,0.0,1.0,1.0
8,1,171,40+ ft.,0.222,27,4,0.148,27,4,0.148,Shot Distance (5ft),40+ ft.,0.0,0.0,0.0,0.0,1.0,1.0
0,292,172,Less Than 8 ft.,0.584,0,0,0.0,2831,1652,0.584,Shot Distance (8ft),Less Than 8 ft.,0.662,0.0,0.662,0.338,0.0,0.338
1,19,172,8-16 ft.,0.424,0,0,0.0,880,373,0.424,Shot Distance (8ft),8-16 ft.,0.408,0.0,0.408,0.592,0.0,0.592
2,13,172,16-24 ft.,0.452,1,0,0.0,856,387,0.452,Shot Distance (8ft),16-24 ft.,0.685,0.0,0.685,0.315,0.0,0.315
3,11,172,24+ ft.,0.626,2564,1071,0.418,2565,1071,0.418,Shot Distance (8ft),24+ ft.,0.0,0.803,0.803,0.0,0.197,0.197
4,1,172,Back Court Shot,0.196,23,3,0.13,23,3,0.13,Shot Distance (8ft),Back Court Shot,0.0,0.0,0.0,0.0,1.0,1.0
0,225,173,Restricted Area,0.636,0,0,0.0,2338,1486,0.636,Shot Area,Restricted Area,0.673,0.0,0.673,0.327,0.0,0.327
1,75,173,In The Paint (Non-RA),0.388,0,0,0.0,887,344,0.388,Shot Area,In The Paint (Non-RA),0.485,0.0,0.485,0.515,0.0,0.515
2,24,173,Mid-Range,0.434,1,0,0.0,1342,582,0.434,Shot Area,Mid-Range,0.589,0.0,0.589,0.411,0.0,0.411
3,1,173,Left Corner 3,0.611,312,127,0.407,312,127,0.407,Shot Area,Left Corner 3,0.0,0.984,0.984,0.0,0.016,0.016
4,2,173,Right Corner 3,0.629,297,125,0.421,298,125,0.419,Shot Area,Right Corner 3,0.0,0.952,0.952,0.0,0.048,0.048
5,8,173,Above the Break 3,0.629,1956,820,0.419,1956,820,0.419,Shot Area,Above the Break 3,0.0,0.751,0.751,0.0,0.249,0.249
6,1,173,Backcourt,0.136,22,2,0.091,22,2,0.091,Shot Area,Backcourt,0.0,0.0,0.0,0.0,1.0,1.0
0,0,169,Assisted,1.182,863,863,1.0,2373,2373,1.0,Assisted Shot,Assisted,1.0,1.0,1.0,0.0,0.0,0.0
1,0,169,Unassisted,1.096,214,214,1.0,1116,1116,1.0,Assisted Shot,Unassisted,0.0,0.0,0.0,1.0,1.0,1.0
0,0,174,Alley Oop Dunk Shot,0.907,0,0,0.0,97,88,0.907,Shot Type,Alley Oop Dunk Shot,1.0,0.0,1.0,0.0,0.0,0.0
1,3,174,Alley Oop Layup shot,0.683,0,0,0.0,41,28,0.683,Shot Type,Alley Oop Layup shot,1.0,0.0,1.0,0.0,0.0,0.0
2,1,174,Cutting Dunk Shot,0.968,0,0,0.0,63,61,0.968,Shot Type,Cutting Dunk Shot,1.0,0.0,1.0,0.0,0.0,0.0
3,0,174,Cutting Finger Roll Layup Shot,0.875,0,0,0.0,24,21,0.875,Shot Type,Cutting Finger Roll Layup Shot,0.952,0.0,0.952,0.048,0.0,0.048
4,2,174,Cutting Layup Shot,0.888,0,0,0.0,125,111,0.888,Shot Type,Cutting Layup Shot,0.991,0.0,0.991,0.009,0.0,0.009
5,0,174,Driving Bank Hook Shot,0.0,0,0,0.0,0,0,0.0,Shot Type,Driving Bank Hook Shot,0.0,0.0,0.0,0.0,0.0,0.0
6,0,174,Driving Bank shot,0.671,1,1,1.0,35,23,0.657,Shot Type,Driving Bank shot,0.591,0.0,0.565,0.409,1.0,0.435
7,4,174,Driving Dunk Shot,0.845,0,0,0.0,84,71,0.845,Shot Type,Driving Dunk Shot,0.761,0.0,0.761,0.239,0.0,0.239
8,1,174,Driving Finger Roll Layup Shot,0.794,0,0,0.0,155,123,0.794,Shot Type,Driving Finger Roll Layup Shot,0.366,0.0,0.366,0.634,0.0,0.634
9,0,174,Driving Floating Bank Jump Shot,0.818,0,0,0.0,11,9,0.818,Shot Type,Driving Floating Bank Jump Shot,0.333,0.0,0.333,0.667,0.0,0.667
10,4,174,Driving Floating Jump Shot,0.62,0,0,0.0,50,31,0.62,Shot Type,Driving Floating Jump Shot,0.323,0.0,0.323,0.677,0.0,0.677
11,2,174,Driving Hook Shot,0.611,0,0,0.0,18,11,0.611,Shot Type,Driving Hook Shot,0.273,0.0,0.273,0.727,0.0,0.727
12,0,174,Driving Jump shot,1.0,0,0,0.0,2,2,1.0,Shot Type,Driving Jump shot,0.5,0.0,0.5,0.5,0.0,0.5
13,32,174,Driving Layup Shot,0.641,0,0,0.0,345,221,0.641,Shot Type,Driving Layup Shot,0.552,0.0,0.552,0.448,0.0,0.448
14,0,174,Driving Reverse Dunk Shot,1.0,0,0,0.0,2,2,1.0,Shot Type,Driving Reverse Dunk Shot,0.5,0.0,0.5,0.5,0.0,0.5
15,3,174,Driving Reverse Layup Shot,0.643,0,0,0.0,70,45,0.643,Shot Type,Driving Reverse Layup Shot,0.422,0.0,0.422,0.578,0.0,0.578
16,4,174,Dunk Shot,0.879,0,0,0.0,107,94,0.879,Shot Type,Dunk Shot,0.936,0.0,0.936,0.064,0.0,0.064
17,0,174,Fadeaway Bank shot,0.6,0,0,0.0,5,3,0.6,Shot Type,Fadeaway Bank shot,0.333,0.0,0.333,0.667,0.0,0.667
18,1,174,Fadeaway Jump Shot,0.606,16,12,0.75,137,77,0.562,Shot Type,Fadeaway Jump Shot,0.446,0.75,0.494,0.554,0.25,0.506
19,1,174,Finger Roll Layup Shot,0.667,0,0,0.0,27,18,0.667,Shot Type,Finger Roll Layup Shot,0.5,0.0,0.5,0.5,0.0,0.5
20,6,174,Floating Jump shot,0.391,1,1,1.0,183,71,0.388,Shot Type,Floating Jump shot,0.457,1.0,0.465,0.543,0.0,0.535
21,0,174,Hook Bank Shot,0.8,0,0,0.0,5,4,0.8,Shot Type,Hook Bank Shot,0.75,0.0,0.75,0.25,0.0,0.25
22,1,174,Hook Shot,0.345,0,0,0.0,84,29,0.345,Shot Type,Hook Shot,0.483,0.0,0.483,0.517,0.0,0.517
23,1,174,Jump Bank Shot,0.583,9,9,1.0,66,34,0.515,Shot Type,Jump Bank Shot,0.6,0.556,0.588,0.4,0.444,0.412
24,113,174,Jump Shot,0.416,1941,637,0.328,3010,933,0.31,Shot Type,Jump Shot,0.747,0.87,0.831,0.253,0.13,0.169
25,118,174,Layup Shot,0.391,0,0,0.0,516,202,0.391,Shot Type,Layup Shot,0.792,0.0,0.792,0.208,0.0,0.208
26,0,174,No Shot,0.545,0,0,0.0,11,6,0.545,Shot Type,No Shot,0.333,0.0,0.333,0.667,0.0,0.667
27,0,174,Pullup Bank shot,0.85,4,3,0.75,10,7,0.7,Shot Type,Pullup Bank shot,0.5,0.333,0.429,0.5,0.667,0.571
28,6,174,Pullup Jump shot,0.898,507,346,0.682,748,499,0.667,Shot Type,Pullup Jump shot,0.529,0.757,0.687,0.471,0.243,0.313
29,0,174,Putback Dunk Shot,0.875,0,0,0.0,24,21,0.875,Shot Type,Putback Dunk Shot,0.0,0.0,0.0,1.0,0.0,1.0
30,4,174,Putback Layup Shot,0.643,0,0,0.0,42,27,0.643,Shot Type,Putback Layup Shot,0.037,0.0,0.037,0.963,0.0,0.963
31,0,174,Reverse Dunk Shot,1.0,0,0,0.0,3,3,1.0,Shot Type,Reverse Dunk Shot,1.0,0.0,1.0,0.0,0.0,0.0
32,3,174,Reverse Layup Shot,0.689,0,0,0.0,74,51,0.689,Shot Type,Reverse Layup Shot,0.902,0.0,0.902,0.098,0.0,0.098
33,0,174,Running Alley Oop Dunk Shot,1.0,0,0,0.0,7,7,1.0,Shot Type,Running Alley Oop Dunk Shot,1.0,0.0,1.0,0.0,0.0,0.0
34,0,174,Running Alley Oop Layup Shot,1.0,0,0,0.0,1,1,1.0,Shot Type,Running Alley Oop Layup Shot,1.0,0.0,1.0,0.0,0.0,0.0
35,0,174,Running Dunk Shot,1.0,0,0,0.0,50,50,1.0,Shot Type,Running Dunk Shot,0.9,0.0,0.9,0.1,0.0,0.1
36,1,174,Running Finger Roll Layup Shot,0.906,0,0,0.0,32,29,0.906,Shot Type,Running Finger Roll Layup Shot,0.483,0.0,0.483,0.517,0.0,0.517
37,5,174,Running Jump Shot,0.435,17,10,0.588,62,22,0.355,Shot Type,Running Jump Shot,0.417,0.6,0.5,0.583,0.4,0.5
38,4,174,Running Layup Shot,0.796,0,0,0.0,108,86,0.796,Shot Type,Running Layup Shot,0.593,0.0,0.593,0.407,0.0,0.407
39,0,174,Running Pull-Up Jump Shot,1.0,5,4,0.8,8,6,0.75,Shot Type,Running Pull-Up Jump Shot,0.0,0.0,0.0,1.0,1.0,1.0
40,3,174,Running Reverse Layup Shot,0.85,0,0,0.0,20,17,0.85,Shot Type,Running Reverse Layup Shot,0.294,0.0,0.294,0.706,0.0,0.706
41,0,174,Step Back Bank Jump Shot,1.0,0,0,0.0,1,1,1.0,Shot Type,Step Back Bank Jump Shot,0.0,0.0,0.0,1.0,0.0,1.0
42,1,174,Step Back Jump shot,0.713,80,49,0.613,162,91,0.562,Shot Type,Step Back Jump shot,0.429,0.449,0.44,0.571,0.551,0.56
43,0,174,Tip Dunk Shot,0.714,0,0,0.0,7,5,0.714,Shot Type,Tip Dunk Shot,0.0,0.0,0.0,1.0,0.0,1.0
44,6,174,Tip Layup Shot,0.379,0,0,0.0,161,61,0.379,Shot Type,Tip Layup Shot,0.0,0.0,0.0,1.0,0.0,1.0
45,0,174,Turnaround Bank Hook Shot,1.0,0,0,0.0,2,2,1.0,Shot Type,Turnaround Bank Hook Shot,1.0,0.0,1.0,0.0,0.0,0.0
46,0,174,Turnaround Bank shot,0.559,1,1,1.0,17,9,0.529,Shot Type,Turnaround Bank shot,0.375,0.0,0.333,0.625,1.0,0.667
47,0,174,Turnaround Fadeaway Bank Jump Shot,0.667,0,0,0.0,3,2,0.667,Shot Type,Turnaround Fadeaway Bank Jump Shot,1.0,0.0,1.0,0.0,0.0,0.0
48,0,174,Turnaround Fadeaway shot,0.555,1,1,1.0,100,55,0.55,Shot Type,Turnaround Fadeaway shot,0.241,1.0,0.255,0.759,0.0,0.745
49,2,174,Turnaround Hook Shot,0.476,0,0,0.0,63,30,0.476,Shot Type,Turnaround Hook Shot,0.7,0.0,0.7,0.3,0.0,0.3
50,4,174,Turnaround Jump Shot,0.5,9,3,0.333,181,89,0.492,Shot Type,Turnaround Jump Shot,0.442,0.667,0.449,0.558,0.333,0.551
