,BLKA,CFID,CFPARAMS,EFG_PCT,FG3A,FG3M,FG3_PCT,FGA,FGM,FG_PCT,GROUP_SET,GROUP_VALUE,PCT_AST_2PM,PCT_AST_3PM,PCT_AST_FGM,PCT_UAST_2PM,PCT_UAST_3PM,PCT_UAST_FGM
0,404,170,2015-16,0.516,2533,878,0.347,6847,3094,0.452,Overall,2015-16,0.508,0.793,0.589,0.492,0.207,0.411
0,318,171,Less Than 5 ft.,0.591,0,0,0.0,2672,1579,0.591,Shot Distance (5ft),Less Than 5 ft.,0.567,0.0,0.567,0.433,0.0,0.433
1,56,171,5-9 ft.,0.386,0,0,0.0,647,250,0.386,Shot Distance (5ft),5-9 ft.,0.468,0.0,0.468,0.532,0.0,0.532
2,11,171,10-14 ft.,0.423,0,0,0.0,350,148,0.423,Shot Distance (5ft),10-14 ft.,0.257,0.0,0.257,0.743,0.0,0.743
3,6,171,15-19 ft.,0.39,0,0,0.0,505,197,0.39,Shot Distance (5ft),15-19 ft.,0.254,0.0,0.254,0.746,0.0,0.746
4,12,171,20-24 ft.,0.525,1602,582,0.363,1742,624,0.358,Shot Distance (5ft),20-24 ft.,0.595,0.826,0.811,0.405,0.174,0.189
5,1,171,25-29 ft.,0.498,886,294,0.332,886,294,0.332,Shot Distance (5ft),25-29 ft.,0.0,0.724,0.724,0.0,0.276,0.276
6,0,171,30-34 ft.,0.3,5,1,0.2,5,1,0.2,Shot Distance (5ft),30-34 ft.,0.0,1.0,1.0,0.0,0.0,0.0
7,0,171,35-39 ft.,0.0,6,0,0.0,6,0,0.0,Shot Distance (5ft),35-39 ft.,0.0,0.0,0.0,0.0,0.0,0.0
8,0,171,40+ ft.,0.0,28,0,0.0,28,0,0.0,Shot Distance (5ft),40+ ft.,0.0,0.0,0.0,0.0,0.0,0.0
0,362,172,Less Than 8 ft.,0.559,0,0,0.0,3136,1752,0.559,Shot Distance (8ft),Less Than 8 ft.,0.559,0.0,0.559,0.441,0.0,0.441
1,24,172,8-16 ft.,0.407,0,0,0.0,619,252,0.407,Shot Distance (8ft),8-16 ft.,0.317,0.0,0.317,0.683,0.0,0.683
2,6,172,16-24 ft.,0.38,0,0,0.0,558,212,0.38,Shot Distance (8ft),16-24 ft.,0.311,0.0,0.311,0.689,0.0,0.689
3,12,172,24+ ft.,0.526,2500,877,0.351,2501,877,0.351,Shot Distance (8ft),24+ ft.,0.0,0.792,0.792,0.0,0.208,0.208
4,0,172,Back Court Shot,0.0,27,0,0.0,27,0,0.0,Shot Distance (8ft),Back Court Shot,0.0,0.0,0.0,0.0,0.0,0.0
0,287,173,Restricted Area,0.612,0,0,0.0,2472,1513,0.612,Shot Area,Restricted Area,0.57,0.0,0.57,0.43,0.0,0.43
1,86,173,In The Paint (Non-RA),0.384,0,0,0.0,942,362,0.384,Shot Area,In The Paint (Non-RA),0.431,0.0,0.431,0.569,0.0,0.569
2,19,173,Mid-Range,0.379,0,0,0.0,899,341,0.379,Shot Area,Mid-Range,0.314,0.0,0.314,0.686,0.0,0.686
3,1,173,Left Corner 3,0.572,354,135,0.381,354,135,0.381,Shot Area,Left Corner 3,0.0,0.956,0.956,0.0,0.044,0.044
4,2,173,Right Corner 3,0.506,444,150,0.338,445,150,0.337,Shot Area,Right Corner 3,0.0,0.947,0.947,0.0,0.053,0.053
5,9,173,Above the Break 3,0.52,1707,592,0.347,1707,592,0.347,Shot Area,Above the Break 3,0.0,0.716,0.716,0.0,0.284,0.284
6,0,173,Backcourt,0.0,22,0,0.0,22,0,0.0,Shot Area,Backcourt,0.0,0.0,0.0,0.0,0.0,0.0
0,0,169,Assisted,1.191,696,696,1.0,1821,1821,1.0,Assisted Shot,Assisted,1.0,1.0,1.0,0.0,0.0,0.0
1,0,169,Unassisted,1.071,182,182,1.0,1273,1273,1.0,Assisted Shot,Unassisted,0.0,0.0,0.0,1.0,1.0,1.0
0,0,174,Alley Oop Dunk Shot,0.917,0,0,0.0,121,111,0.917,Shot Type,Alley Oop Dunk Shot,1.0,0.0,1.0,0.0,0.0,0.0
1,0,174,Alley Oop Layup shot,0.522,0,0,0.0,46,24,0.522,Shot Type,Alley Oop Layup shot,1.0,0.0,1.0,0.0,0.0,0.0
2,1,174,Cutting Dunk Shot,0.984,0,0,0.0,62,61,0.984,Shot Type,Cutting Dunk Shot,0.984,0.0,0.984,0.016,0.0,0.016
3,0,174,Cutting Finger Roll Layup Shot,0.889,0,0,0.0,9,8,0.889,Shot Type,Cutting Finger Roll Layup Shot,1.0,0.0,1.0,0.0,0.0,0.0
4,5,174,Cutting Layup Shot,0.793,0,0,0.0,111,88,0.793,Shot Type,Cutting Layup Shot,1.0,0.0,1.0,0.0,0.0,0.0
5,0,174,Driving Bank Hook Shot,0.0,0,0,0.0,0,0,0.0,Shot Type,Driving Bank Hook Shot,0.0,0.0,0.0,0.0,0.0,0.0
6,1,174,Driving Bank shot,0.706,0,0,0.0,17,12,0.706,Shot Type,Driving Bank shot,0.5,0.0,0.5,0.5,0.0,0.5
7,2,174,Driving Dunk Shot,0.846,0,0,0.0,26,22,0.846,Shot Type,Driving Dunk Shot,0.5,0.0,0.5,0.5,0.0,0.5
8,2,174,Driving Finger Roll Layup Shot,0.647,0,0,0.0,51,33,0.647,Shot Type,Driving Finger Roll Layup Shot,0.394,0.0,0.394,0.606,0.0,0.606
9,0,174,Driving Floating Bank Jump Shot,0.458,0,0,0.0,24,11,0.458,Shot Type,Driving Floating Bank Jump Shot,0.273,0.0,0.273,0.727,0.0,0.727
10,6,174,Driving Floating Jump Shot,0.6,0,0,0.0,60,36,0.6,Shot Type,Driving Floating Jump Shot,0.333,0.0,0.333,0.667,0.0,0.667
11,0,174,Driving Hook Shot,0.581,0,0,0.0,31,18,0.581,Shot Type,Driving Hook Shot,0.278,0.0,0.278,0.722,0.0,0.722
12,0,174,Driving Jump shot,1.0,0,0,0.0,1,1,1.0,Shot Type,Driving Jump shot,0.0,0.0,0.0,1.0,0.0,1.0
13,78,174,Driving Layup Shot,0.547,0,0,0.0,545,298,0.547,Shot Type,Driving Layup Shot,0.302,0.0,0.302,0.698,0.0,0.698
14,0,174,Driving Reverse Dunk Shot,1.0,0,0,0.0,1,1,1.0,Shot Type,Driving Reverse Dunk Shot,0.0,0.0,0.0,1.0,0.0,1.0
15,2,174,Driving Reverse Layup Shot,0.688,0,0,0.0,32,22,0.688,Shot Type,Driving Reverse Layup Shot,0.409,0.0,0.409,0.591,0.0,0.591
16,8,174,Dunk Shot,0.884,0,0,0.0,155,137,0.884,Shot Type,Dunk Shot,0.847,0.0,0.847,0.153,0.0,0.153
17,0,174,Fadeaway Bank shot,0.0,0,0,0.0,0,0,0.0,Shot Type,Fadeaway Bank shot,0.0,0.0,0.0,0.0,0.0,0.0
18,0,174,Fadeaway Jump Shot,0.329,3,0,0.0,73,24,0.329,Shot Type,Fadeaway Jump Shot,0.042,0.0,0.042,0.958,0.0,0.958
19,0,174,Finger Roll Layup Shot,0.583,0,0,0.0,12,7,0.583,Shot Type,Finger Roll Layup Shot,0.714,0.0,0.714,0.286,0.0,0.286
20,9,174,Floating Jump shot,0.401,1,0,0.0,212,85,0.401,Shot Type,Floating Jump shot,0.435,0.0,0.435,0.565,0.0,0.565
21,0,174,Hook Bank Shot,0.571,0,0,0.0,7,4,0.571,Shot Type,Hook Bank Shot,1.0,0.0,1.0,0.0,0.0,0.0
22,9,174,Hook Shot,0.39,0,0,0.0,172,67,0.39,Shot Type,Hook Shot,0.582,0.0,0.582,0.418,0.0,0.418
23,0,174,Jump Bank Shot,0.517,4,2,0.5,29,14,0.483,Shot Type,Jump Bank Shot,0.417,1.0,0.5,0.583,0.0,0.5
24,117,174,Jump Shot,0.437,2216,751,0.339,2902,893,0.308,Shot Type,Jump Shot,0.528,0.887,0.83,0.472,0.113,0.17
25,119,174,Layup Shot,0.455,0,0,0.0,585,266,0.455,Shot Type,Layup Shot,0.605,0.0,0.605,0.395,0.0,0.395
26,0,174,Pullup Bank shot,0.667,1,0,0.0,6,4,0.667,Shot Type,Pullup Bank shot,0.0,0.0,0.0,1.0,0.0,1.0
27,0,174,Pullup Jump shot,0.556,226,94,0.416,448,202,0.451,Shot Type,Pullup Jump shot,0.296,0.223,0.262,0.704,0.777,0.738
28,1,174,Putback Dunk Shot,0.923,0,0,0.0,39,36,0.923,Shot Type,Putback Dunk Shot,0.0,0.0,0.0,1.0,0.0,1.0
29,3,174,Putback Layup Shot,0.679,0,0,0.0,56,38,0.679,Shot Type,Putback Layup Shot,0.0,0.0,0.0,1.0,0.0,1.0
30,0,174,Reverse Dunk Shot,1.0,0,0,0.0,2,2,1.0,Shot Type,Reverse Dunk Shot,0.5,0.0,0.5,0.5,0.0,0.5
31,5,174,Reverse Layup Shot,0.488,0,0,0.0,43,21,0.488,Shot Type,Reverse Layup Shot,0.524,0.0,0.524,0.476,0.0,0.476
32,0,174,Running Alley Oop Dunk Shot,1.0,0,0,0.0,11,11,1.0,Shot Type,Running Alley Oop Dunk Shot,1.0,0.0,1.0,0.0,0.0,0.0
33,0,174,Running Alley Oop Layup Shot,1.0,0,0,0.0,1,1,1.0,Shot Type,Running Alley Oop Layup Shot,1.0,0.0,1.0,0.0,0.0,0.0
34,1,174,Running Dunk Shot,0.966,0,0,0.0,59,57,0.966,Shot Type,Running Dunk Shot,0.667,0.0,0.667,0.333,0.0,0.333
35,0,174,Running Finger Roll Layup Shot,0.81,0,0,0.0,21,17,0.81,Shot Type,Running Finger Roll Layup Shot,0.647,0.0,0.647,0.353,0.0,0.353
36,6,174,Running Jump Shot,0.351,3,0,0.0,37,13,0.351,Shot Type,Running Jump Shot,0.385,0.0,0.385,0.615,0.0,0.615
37,18,174,Running Layup Shot,0.719,0,0,0.0,196,141,0.719,Shot Type,Running Layup Shot,0.468,0.0,0.468,0.532,0.0,0.532
38,0,174,Running Pull-Up Jump Shot,0.5,2,1,0.5,3,1,0.333,Shot Type,Running Pull-Up Jump Shot,0.0,0.0,0.0,0.0,1.0,1.0
39,0,174,Running Reverse Dunk Shot,1.0,0,0,0.0,1,1,1.0,Shot Type,Running Reverse Dunk Shot,0.0,0.0,0.0,1.0,0.0,1.0
40,0,174,Running Reverse Layup Shot,0.833,0,0,0.0,12,10,0.833,Shot Type,Running Reverse Layup Shot,0.8,0.0,0.8,0.2,0.0,0.2
41,0,174,Step Back Bank Jump Shot,1.0,0,0,0.0,1,1,1.0,Shot Type,Step Back Bank Jump Shot,0.0,0.0,0.0,1.0,0.0,1.0
42,1,174,Step Back Jump shot,0.519,74,30,0.405,283,132,0.466,Shot Type,Step Back Jump shot,0.088,0.233,0.121,0.912,0.767,0.879
43,0,174,Tip Dunk Shot,0.818,0,0,0.0,11,9,0.818,Shot Type,Tip Dunk Shot,0.0,0.0,0.0,1.0,0.0,1.0
44,0,174,Tip Layup Shot,0.478,0,0,0.0,113,54,0.478,Shot Type,Tip Layup Shot,0.0,0.0,0.0,1.0,0.0,1.0
45,0,174,Turnaround Bank Hook Shot,0.385,0,0,0.0,13,5,0.385,Shot Type,Turnaround Bank Hook Shot,1.0,0.0,1.0,0.0,0.0,0.0
46,0,174,Turnaround Bank shot,0.714,0,0,0.0,7,5,0.714,Shot Type,Turnaround Bank shot,0.4,0.0,0.4,0.6,0.0,0.6
47,0,174,Turnaround Fadeaway Bank Jump Shot,1.0,0,0,0.0,1,1,1.0,Shot Type,Turnaround Fadeaway Bank Jump Shot,1.0,0.0,1.0,0.0,0.0,0.0
48,0,174,Turnaround Fadeaway shot,0.343,0,0,0.0,35,12,0.343,Shot Type,Turnaround Fadeaway shot,0.167,0.0,0.167,0.833,0.0,0.833
49,7,174,Turnaround Hook Shot,0.523,0,0,0.0,111,58,0.523,Shot Type,Turnaround Hook Shot,0.534,0.0,0.534,0.466,0.0,0.466
50,3,174,Turnaround Jump Shot,0.358,3,0,0.0,53,19,0.358,Shot Type,Turnaround Jump Shot,0.421,0.0,0.421,0.579,0.0,0.579
